Catégories,Variables,Réponses,Ombella M'Poko,Lobaye,Mambéré Kadéi,Nana Mambéré,Sangha Mbaéré,Ouham Péndé,Ouham,Kémo,Nana Gribizi,Ouaka,Bamingui Bangoran,Vakaga,Bangui,TOTAL,Unit,Source,Source Link
CARACTÉRISTIQUES DÉMOGRAPHIQUES,Sexe,Homme,50%,50%,50%,50%,50%,50%,46%,50%,50%,50%,50%,50%,50%,49%,%,Vinck/Pham - HHI/UNDP 2019,/car
,,Femme,50%,50%,50%,50%,50%,50%,54%,50%,50%,50%,50%,50%,50%,51%,%,,
,Statut matrimonial,"Célibataire, jamais marié",44%,44%,22%,43%,33%,83%,38%,21%,16%,10%,31%,12%,54%,42%,%,,
,,Divorcé/ séparé,6%,4%,3%,3%,5%,3%,6%,10%,10%,3%,9%,5%,6%,5%,%,,
,,Veuf/ veuve,10%,7%,6%,10%,10%,10%,9%,7%,14%,8%,12%,4%,7%,8%,%,,
,,Marié/ vit maritalement (union libre) - un seul partenaire,36%,44%,65%,42%,46%,0%,46%,56%,36%,72%,45%,37%,32%,40%,%,,
,,Marié/ vit maritalement (union libre) - plusieurs partenaires,4%,1%,3%,2%,6%,0%,2%,5%,25%,8%,3%,42%,2%,4%,%,,
,,Refus,1%,0%,0%,0%,0%,4%,0%,0%,0%,0%,0%,0%,1%,1%,%,,
,Niveau d'éducation,N’a pas fréquenté l’école,8%,22%,17%,20%,10%,37%,39%,19%,12%,31%,20%,37%,4%,21%,%,,
,,N’a pas terminé l’école primaire,15%,40%,23%,31%,20%,34%,38%,40%,36%,33%,28%,22%,6%,26%,%,,
,,Ecole primaire /CEP,22%,16%,23%,28%,43%,16%,10%,24%,34%,21%,17%,21%,13%,20%,%,,
,,Ecole professionnelle / Apprentissage /BTS ou CAP,7%,0%,3%,2%,0%,0%,1%,0%,1%,1%,1%,0%,9%,3%,%,,
,,Collège /BEPC,25%,16%,19%,13%,22%,9%,9%,13%,11%,12%,22%,13%,27%,17%,%,,
,,Lycée BAC à lauréat,15%,5%,11%,4%,5%,3%,2%,3%,5%,2%,9%,2%,25%,9%,%,,
,,"Université (licence, master ou doctorat)",7%,1%,3%,0%,0%,0%,1%,1%,0%,0%,1%,1%,16%,4%,%,,
,,Alphabetisation fonctionnelle,1%,0%,0%,1%,0%,0%,1%,0%,0%,0%,0%,1%,1%,0%,%,,
,,Ecole coranique (musulmane),0%,0%,1%,2%,0%,0%,0%,0%,0%,0%,2%,3%,0%,0%,%,,
,Statut de personne déplacée,Oui,39%,18%,4%,13%,7%,15%,56%,22%,72%,55%,37%,10%,37%,31%,%,,
,Statut professionnel,je travaille,35%,77%,61%,54%,97%,78%,96%,93%,94%,49%,68%,67%,32%,63%,%,,
,,je cherche du travail (sans emploi),8%,0%,11%,2%,1%,8%,0%,1%,0%,3%,3%,1%,12%,6%,%,,
,,je m’occupe du ménage/suis au foyer,31%,13%,14%,38%,1%,12%,3%,2%,2%,43%,8%,29%,24%,19%,%,,
,,"je suis retraité, invalide",4%,1%,5%,0%,0%,0%,0%,1%,0%,1%,1%,2%,4%,2%,%,,
,,je suis en formation,11%,1%,7%,3%,1%,1%,1%,1%,1%,1%,11%,0%,20%,6%,%,,
,,je refais une formation,1%,0%,0%,0%,0%,0%,0%,0%,0%,0%,2%,0%,1%,0%,%,,
,,Ne sait pas,0%,0%,0%,0%,0%,0%,0%,0%,0%,0%,0%,0%,0%,0%,%,,
,,Autre,10%,8%,1%,3%,0%,1%,0%,2%,2%,2%,7%,0%,7%,4%,%,,
,Profession,"profession libérale (médecin, avocat, etc.)",1%,0%,2%,0%,1%,1%,0%,0%,0%,0%,0%,0%,2%,1%,%,,
,,"industriel, patron d'entreprise",0%,0%,0%,0%,0%,0%,0%,0%,0%,0%,0%,0%,1%,0%,%,,
,,"indépendant, artisan, commerçant",25%,18%,18%,26%,14%,3%,5%,12%,16%,3%,15%,9%,25%,15%,%,,
,,"agriculteur, éleveur, pécheur",21%,64%,19%,56%,78%,50%,90%,69%,70%,76%,41%,58%,3%,46%,%,,
,,fonctionnaire,7%,2%,3%,2%,1%,0%,1%,5%,2%,1%,0%,1%,10%,4%,%,,
,,ouvrier,5%,2%,8%,2%,2%,0%,1%,3%,2%,3%,4%,1%,6%,3%,%,,
,,employé dans le secteur privé,6%,1%,6%,3%,1%,1%,1%,0%,2%,1%,4%,1%,9%,4%,%,,
,,en formation,11%,1%,7%,3%,1%,0%,2%,2%,1%,3%,15%,2%,19%,6%,%,,
,,femme au foyer,10%,6%,31%,2%,0%,30%,1%,2%,0%,4%,10%,21%,15%,13%,%,,
,,pas de profession/jamais travaillé,7%,0%,5%,2%,0%,9%,0%,1%,0%,1%,2%,0%,6%,4%,%,,
,,Autre,4%,5%,2%,5%,1%,5%,0%,7%,6%,6%,8%,6%,4%,4%,%,,
,Biens (% possédant le bien),Table,87%,60%,82%,74%,78%,57%,65%,88%,87%,48%,65%,57%,78%,71%,%,,
,,Chaises,86%,78%,85%,90%,73%,66%,63%,87%,74%,44%,70%,54%,73%,73%,%,,
,,Lit,88%,79%,74%,81%,69%,40%,49%,25%,57%,26%,33%,69%,89%,65%,%,,
,,Radio fonctionnelle,75%,36%,65%,79%,66%,25%,38%,36%,56%,24%,57%,32%,81%,54%,%,,
,,Lecteur CD,23%,3%,14%,2%,15%,1%,1%,2%,1%,3%,2%,1%,40%,12%,%,,
,,TV,29%,2%,15%,3%,16%,2%,1%,1%,1%,2%,1%,4%,51%,15%,%,,
,,Vélo,24%,14%,16%,20%,28%,18%,33%,26%,18%,30%,36%,34%,22%,23%,%,,
,,Autre véhicule,16%,9%,22%,24%,32%,0%,8%,0%,0%,6%,4%,27%,21%,13%,%,,
,,Téléphone portable,74%,38%,45%,40%,38%,30%,16%,19%,26%,25%,40%,51%,88%,46%,%,,
,,Accès à l'électricité,40%,3%,14%,3%,15%,1%,1%,1%,0%,3%,30%,6%,68%,19%,%,,
,Revenu moyen mensuel du ménage (FCFA),Aucun (0),1%,3%,0%,0%,0%,5%,1%,2%,0%,13%,2%,16%,0%,3%,%,,
,,< 10 000 / mois,14%,24%,36%,7%,17%,73%,37%,31%,62%,34%,21%,49%,5%,30%,%,,
,,10 001 a 20 000 / mois,13%,24%,21%,30%,25%,11%,36%,13%,25%,18%,21%,21%,9%,19%,%,,
,,20 001 a 30 000 / mois,15%,18%,15%,33%,22%,4%,16%,25%,9%,13%,19%,9%,12%,15%,%,,
,,30 001 a 40 000 / mois,21%,12%,13%,20%,18%,5%,9%,18%,3%,9%,15%,1%,19%,13%,%,,
,,40 001 - 100 000 / mois,24%,15%,13%,8%,15%,2%,1%,8%,0%,9%,18%,1%,34%,14%,%,,
,,100 001 - 200 000 / mois,8%,3%,3%,3%,1%,0%,0%,1%,0%,2%,3%,1%,15%,5%,%,,
,,200 001 - 400 000 / mois,2%,0%,0%,0%,0%,0%,0%,0%,0%,1%,0%,0%,4%,1%,%,,
,,>400 000 / mois,0%,0%,0%,0%,0%,0%,0%,0%,0%,0%,0%,0%,1%,0%,%,,
,,Ne sait pas,2%,0%,0%,0%,0%,0%,0%,2%,0%,0%,0%,0%,1%,0%,%,,
,,[Sans réponse],0%,0%,0%,0%,0%,0%,0%,0%,0%,0%,0%,0%,0%,0%,%,,
INFORMATION,Principale source d'information (% répondants),"Amis, famille",18%,36%,12%,11%,7%,34%,21%,36%,19%,37%,31%,54%,9%,22%,%,,
,,Radio,72%,56%,76%,85%,83%,62%,60%,48%,73%,36%,64%,27%,82%,67%,%,,
,,Télévision,1%,0%,1%,0%,2%,0%,0%,0%,0%,0%,0%,0%,2%,1%,%,,
,,Journaux écrits,1%,0%,0%,0%,0%,0%,0%,0%,0%,0%,0%,0%,1%,0%,%,,
,,Autorités,2%,1%,9%,1%,6%,3%,9%,14%,1%,19%,0%,6%,0%,5%,%,,
,,Internet,0%,0%,0%,0%,0%,0%,0%,0%,0%,0%,0%,0%,1%,0%,%,,
,,Autre,6%,6%,3%,3%,2%,0%,10%,2%,6%,8%,5%,10%,4%,5%,%,,
,,[Sans réponse],0%,0%,0%,0%,0%,0%,0%,0%,0%,1%,0%,2%,0%,0%,%,,
,Fréquence d'écoute pour la radio (% répondants),Tous les jours,61%,28%,41%,58%,64%,36%,32%,44%,54%,30%,52%,24%,67%,46%,%,,
,,2-6 jours par semaine,23%,24%,32%,26%,12%,27%,15%,7%,36%,15%,14%,10%,23%,22%,%,,
,,1 jour par semaine,3%,12%,17%,11%,10%,8%,13%,5%,10%,12%,7%,4%,6%,9%,%,,
,,Moins d'une fois par semaine,4%,11%,9%,3%,8%,7%,18%,9%,1%,8%,8%,4%,3%,7%,%,,
,,Jamais,8%,25%,2%,2%,6%,22%,22%,34%,0%,35%,20%,58%,2%,14%,%,,
,Stations de radio les plus fréquemment écoutées (% répondants - réponses multiples),Aucune,11%,25%,5%,3%,6%,36%,25%,41%,1%,51%,20%,67%,3%,19%,%,,
,,Radio Centrafricaine,52%,34%,2%,5%,1%,0%,0%,0%,0%,2%,1%,0%,59%,19%,%,,
,,Ndeke Luka,67%,47%,29%,80%,25%,42%,30%,12%,2%,25%,70%,1%,84%,47%,%,,
,,Guira FM,21%,2%,60%,76%,11%,14%,42%,33%,94%,38%,75%,20%,25%,35%,%,,
,,Radio ICDI,15%,26%,21%,4%,17%,1%,11%,32%,2%,5%,0%,0%,2%,10%,%,,
,,RFI Afrique,27%,21%,16%,0%,21%,2%,16%,9%,2%,6%,13%,18%,29%,15%,%,,
,,Bangui FM,36%,34%,4%,0%,0%,0%,1%,1%,0%,0%,1%,0%,42%,14%,%,,
,,Radio Notre-Dame,21%,10%,0%,1%,0%,0%,1%,0%,0%,0%,0%,0%,27%,8%,%,,
,,Voix de l'Evangile,32%,3%,0%,0%,0%,0%,0%,0%,1%,0%,0%,0%,37%,10%,%,,
,,Radio Maria,7%,5%,0%,0%,0%,0%,36%,0%,0%,0%,0%,0%,10%,7%,%,,
,,Radio Chine International,1%,0%,0%,0%,0%,0%,0%,0%,0%,0%,0%,0%,1%,0%,%,,
,,Voix d'Amerique (VOA),6%,1%,4%,0%,1%,0%,0%,1%,3%,0%,1%,0%,3%,2%,%,,
,,Radio Life,3%,0%,0%,0%,0%,0%,0%,0%,0%,0%,0%,0%,7%,2%,%,,
,,Radio COA,1%,0%,0%,0%,0%,0%,0%,0%,0%,0%,0%,0%,1%,0%,%,,
,,BBC Afrique,8%,2%,9%,0%,6%,1%,0%,0%,1%,0%,7%,0%,10%,4%,%,,
,,Autre,3%,6%,36%,89%,78%,30%,44%,19%,5%,3%,66%,1%,5%,25%,%,,
,,Ne sait pas,0%,0%,0%,0%,0%,1%,0%,0%,0%,2%,0%,0%,0%,0%,%,,
,,[Sans reponse],0%,0%,0%,0%,0%,0%,0%,0%,0%,0%,0%,0%,0%,0%,%,,
,Raisons pour écouter cette/ ces stations (% répondants - réponses multiples),Je n'ecoute jamais la radio,10%,26%,5%,2%,6%,45%,26%,37%,2%,52%,22%,67%,3%,21%,%,,
,,L'information/ les nouvelles,72%,69%,86%,89%,82%,45%,70%,43%,77%,24%,74%,29%,75%,66%,%,,
,,Contenu religieux/ éducation religieuse,43%,34%,7%,46%,22%,2%,59%,19%,46%,1%,36%,2%,41%,29%,%,,
,,Emissions d'actualité/ Appel sur l'actualité,39%,38%,29%,15%,43%,29%,24%,12%,35%,15%,55%,6%,41%,30%,%,,
,,Communiqués officiels (gouvernement),30%,45%,18%,60%,13%,16%,35%,7%,19%,21%,37%,0%,25%,27%,%,,
,,Communiqués privés,22%,28%,15%,80%,0%,13%,38%,6%,24%,7%,30%,0%,12%,22%,%,,
,,"Emissions éducatives (santé, environnement, etc…)",36%,37%,25%,41%,35%,33%,44%,23%,46%,11%,56%,6%,37%,33%,%,,
,,Musique,37%,32%,54%,48%,17%,15%,43%,26%,56%,24%,26%,12%,32%,34%,%,,
,,Sports - footbal et autre,15%,25%,14%,13%,6%,3%,28%,2%,40%,17%,7%,4%,15%,15%,%,,
,,Jeux concours,23%,21%,14%,32%,1%,12%,6%,1%,4%,13%,11%,0%,26%,16%,%,,
,,Débats,49%,31%,27%,37%,4%,36%,16%,4%,22%,22%,46%,0%,55%,33%,%,,
,,Les présentateurs à la radio,5%,17%,2%,4%,1%,3%,1%,1%,14%,5%,2%,0%,3%,4%,%,,
,,Les personnes invitées,22%,12%,6%,19%,0%,0%,5%,1%,10%,4%,11%,0%,19%,10%,%,,
,,Informations vérifiables,11%,12%,9%,7%,4%,5%,3%,1%,16%,4%,10%,0%,11%,8%,%,,
,,C'est la seule radio que je capte,4%,3%,10%,1%,3%,9%,2%,2%,42%,7%,0%,1%,2%,6%,%,,
,,Autre,3%,0%,1%,2%,13%,3%,2%,5%,4%,2%,0%,0%,5%,3%,%,,
,,Ne sait pas,0%,0%,0%,0%,1%,0%,0%,0%,0%,3%,0%,0%,0%,0%,%,,
,Types d'informations qui intéressent (% répondants - réponses multiples),"Les nouvelles du monde (politique, etc…)",65%,59%,71%,71%,63%,27%,54%,39%,31%,35%,69%,28%,69%,55%,%,,
,,Les nouvelles nationales de la RCA,80%,79%,90%,88%,97%,75%,69%,54%,74%,44%,78%,67%,84%,77%,%,,
,,Les nouvelles locales/ communautaires,78%,79%,92%,76%,99%,67%,76%,63%,93%,65%,83%,88%,82%,78%,%,,
,,La sécurité dans le pays,80%,93%,93%,91%,98%,78%,68%,60%,90%,65%,83%,68%,87%,81%,%,,
,,La sécurité au niveau local,77%,82%,93%,88%,100%,64%,76%,62%,94%,71%,84%,87%,84%,80%,%,,
,,La justice et la lutte contre l'impunité en RCA,79%,80%,66%,80%,93%,64%,67%,52%,97%,47%,79%,19%,86%,72%,%,,
,,La politique au niveau national de la RCA,67%,76%,60%,71%,90%,54%,55%,43%,68%,40%,75%,23%,70%,62%,%,,
,,La politique au niveau local,72%,61%,65%,68%,89%,45%,64%,45%,92%,45%,80%,38%,70%,63%,%,,
,,Le programme du gouvernement de la RCA,74%,91%,74%,78%,99%,75%,67%,51%,64%,66%,81%,55%,76%,74%,%,,
,,"Des informations d'intérêts général (santé, religion, sports, environment, etc…)",82%,78%,84%,86%,100%,62%,80%,57%,95%,74%,84%,84%,88%,80%,%,,
COHÉSION SOCIALE,Relations avec les personnes ou groupes suivants (% relations positives),"Vos parents, enfants, époux(se)",93%,96%,98%,98%,94%,94%,97%,82%,61%,83%,92%,88%,92%,92%,%,,
,,Vos voisins,76%,93%,93%,92%,69%,84%,83%,60%,42%,84%,82%,65%,70%,80%,%,,
,,"Plus généralement, avec les personnes de votre quartier/ village",73%,95%,93%,88%,78%,87%,88%,65%,41%,81%,79%,64%,66%,80%,%,,
,,Les membres de votre groupe ethnique,84%,96%,97%,93%,90%,94%,96%,82%,62%,82%,82%,68%,81%,88%,%,,
,,Les membres d'autres groupes ethniques,61%,94%,87%,56%,74%,67%,83%,53%,24%,69%,75%,35%,50%,67%,%,,
,,Les membres de votre religion,89%,95%,97%,94%,82%,94%,97%,95%,61%,89%,86%,71%,86%,90%,%,,
,,Les membres d'autres religions (chrétiens et musulmans),62%,92%,86%,57%,68%,76%,80%,61%,19%,72%,81%,39%,51%,68%,%,,
,Diminution des tensions ethniques / religieuses dans le quartier/ village au cours des 12 derniers mois,% oui,86%,98%,94%,99%,92%,85%,94%,81%,56%,55%,85%,55%,70%,83%,%,,
,Support par quelqu'un qui n'est pas un membre de la famille pour faire les actions suivantes avec vous (% oui):,Veiller sur vos biens pendant votre absence,81%,76%,80%,92%,87%,89%,66%,71%,60%,62%,79%,69%,71%,76%,%,,
,,Partager leurs opinions sur les conflits avec vous,78%,89%,81%,95%,88%,88%,80%,85%,97%,52%,87%,72%,72%,80%,%,,
,,Vous aider à faire votre travail,72%,58%,72%,89%,52%,31%,47%,54%,61%,26%,54%,78%,62%,56%,%,,
,,Partager avec vous des informations sur l'actualité,83%,71%,94%,96%,94%,76%,70%,84%,97%,47%,86%,71%,77%,78%,%,,
,,Vous aider si vous avez besoin d'argent ( comme un prêt/ crédit),52%,53%,52%,50%,59%,9%,17%,26%,24%,5%,24%,33%,40%,34%,%,,
,,Vous aider à résoudre des conflits,68%,95%,85%,75%,90%,35%,83%,56%,48%,54%,80%,78%,58%,67%,%,,
,,Vous aider si vous étiez malade,66%,74%,75%,54%,61%,28%,46%,41%,67%,32%,59%,85%,60%,55%,%,,
,,"Quelqu'un qui fait des blagues, qui rit avec vous",72%,95%,93%,57%,100%,39%,96%,66%,97%,56%,88%,71%,64%,73%,%,,
,Support par les personnes ou groupes suivants pour vous aider en cas de besoin (% support positif):,Des voisins,65%,75%,77%,92%,62%,55%,49%,51%,16%,45%,57%,62%,52%,59%,%,,
,,Un membre de votre groupe ethnique,72%,77%,77%,90%,74%,76%,64%,55%,38%,48%,60%,64%,60%,68%,%,,
,,Quelqu'un d'un autre groupe ethnique,38%,65%,51%,51%,41%,30%,36%,47%,14%,35%,28%,25%,29%,39%,%,,
,,Quelqu'un de votre religion,75%,81%,69%,93%,68%,92%,64%,68%,40%,61%,52%,64%,67%,72%,%,,
,,Quelqu'un d'une autre religion que la vôtre (chrétien ou musulman),39%,59%,40%,49%,48%,54%,33%,49%,8%,36%,40%,22%,28%,40%,%,,
,Niveau de confiance dans les personnes ou groupes suivants (% confiant):,"Vos parents, enfants, époux",89%,99%,94%,98%,93%,89%,90%,85%,78%,87%,90%,86%,86%,90%,%,,
,,Vos amis,36%,64%,68%,71%,52%,42%,50%,24%,29%,43%,33%,54%,26%,45%,%,,
,,Les gens de ce quartier/ village,53%,86%,74%,74%,65%,76%,68%,46%,25%,51%,51%,57%,36%,60%,%,,
,,Les gens de votre groupe ethnique,68%,93%,86%,83%,82%,86%,86%,66%,52%,72%,70%,66%,56%,75%,%,,
,,Les gens d'un autre groupe ethnique,33%,81%,59%,42%,47%,36%,59%,47%,24%,43%,31%,24%,28%,44%,%,,
,,Les gens de votre groupe religieux,75%,94%,85%,88%,75%,92%,91%,86%,48%,78%,70%,67%,69%,81%,%,,
,,Les gens d'une autre religion,36%,79%,60%,47%,55%,58%,63%,63%,22%,48%,34%,28%,31%,50%,%,,
,,Les autorités du quartier/ village,62%,91%,81%,83%,76%,80%,63%,49%,31%,53%,53%,55%,41%,64%,%,,
,,Les autorités de la ville/ commune,54%,81%,73%,82%,36%,57%,49%,53%,30%,40%,52%,49%,40%,55%,%,,
,,Les autorités locales,55%,90%,74%,84%,38%,78%,68%,56%,38%,67%,46%,49%,40%,64%,%,,
,,Les autorités nationales,58%,89%,68%,87%,53%,74%,61%,58%,50%,73%,56%,42%,51%,65%,%,,
,,Les chefs religieux de votre religion,78%,96%,87%,95%,88%,87%,82%,90%,52%,82%,77%,70%,75%,83%,%,,
,,Les chefs religieux des autres religions,41%,82%,54%,62%,71%,58%,57%,65%,24%,57%,46%,31%,36%,52%,%,,
,,Les ONGs nationales,63%,86%,75%,77%,61%,80%,55%,63%,25%,62%,83%,25%,55%,65%,%,,
,,Les ONGs internationales,58%,80%,77%,84%,58%,76%,57%,60%,44%,62%,88%,41%,54%,65%,%,,
,,Les Nations Unies,41%,76%,68%,57%,46%,55%,46%,62%,26%,31%,70%,27%,35%,49%,%,,
,,La police,71%,84%,74%,82%,48%,86%,61%,64%,38%,87%,76%,19%,71%,73%,%,,
,,La gendarmerie,80%,95%,84%,91%,71%,88%,60%,79%,65%,88%,78%,19%,74%,79%,%,,
,,Les FACA,76%,86%,84%,89%,31%,92%,73%,81%,69%,90%,79%,7%,78%,79%,%,,
,,Les juges / la justice,71%,93%,82%,65%,75%,85%,58%,61%,38%,62%,69%,24%,70%,71%,%,,
,,La MINUSCA,20%,64%,32%,43%,23%,44%,58%,57%,19%,20%,53%,25%,19%,35%,%,,
,,Les groupes armés,5%,2%,2%,1%,1%,4%,0%,7%,2%,3%,1%,7%,4%,3%,%,,
,,Les chefs traditionnels,63%,94%,78%,91%,87%,86%,70%,72%,42%,67%,67%,51%,45%,70%,%,,
,,Les médias en général,69%,85%,84%,63%,90%,89%,61%,64%,21%,56%,74%,39%,64%,70%,%,,
,Niveau de confort avec les personnes ou groupes suivants (% confortable):,Des personnes déplacées,93%,98%,97%,99%,99%,100%,53%,99%,99%,95%,97%,95%,87%,90%,%,,
,,Des soldats / militaires,88%,94%,86%,98%,84%,95%,48%,91%,51%,91%,64%,59%,85%,83%,%,,
,,Des musulmans,43%,39%,80%,83%,41%,68%,62%,42%,41%,39%,70%,99%,49%,57%,%,,
,,Des chrétiens,95%,100%,99%,100%,100%,100%,55%,97%,98%,97%,97%,95%,92%,92%,%,,
,,Des Tchadiens,32%,23%,44%,18%,6%,42%,62%,42%,29%,23%,39%,72%,36%,37%,%,,
STÉRÉOTYPES ENVERS D'AUTRES GROUPES ET DISCRIMINATION,"Sentiment par rapport aux personnes d'une autre religion, ils sont… (% souvent et tout le temps):",Ils sont violents,33%,6%,15%,47%,5%,32%,35%,2%,33%,37%,18%,3%,33%,28%,%,,
,,Ils sont paresseux,20%,7%,5%,4%,3%,5%,18%,9%,35%,17%,8%,5%,21%,13%,%,,
,,Ils cherchent à créer des conflits,42%,6%,17%,44%,10%,39%,28%,4%,43%,40%,26%,3%,42%,31%,%,,
,,Ils prennent nos terres,36%,1%,5%,14%,1%,4%,5%,0%,22%,29%,26%,0%,34%,16%,%,,
,"Sentiment par rapport aux personnes d'un autre groupe ethnique, ils sont...(% souvent et tout le temps):",Ils sont violents,41%,11%,3%,61%,6%,32%,32%,16%,56%,43%,21%,21%,38%,31%,%,,
,,Ils sont paresseux,27%,21%,8%,22%,3%,3%,19%,18%,57%,24%,18%,6%,27%,19%,%,,
,,Ils cherchent à créer des conflits,49%,7%,10%,62%,5%,36%,37%,8%,56%,46%,16%,16%,47%,35%,%,,
,,Ils prennent nos terres,45%,1%,4%,35%,0%,3%,2%,0%,5%,29%,8%,0%,38%,18%,%,,
,Discrimination (% oui),Avez-vous déjà été traité injustement à cause de votre religion (% oui)?,16%,5%,8%,14%,2%,9%,37%,4%,36%,34%,9%,5%,13%,16%,%,,
,,Dans les 12 derniers mois (% oui),36%,9%,28%,27%,50%,100%,70%,79%,90%,91%,59%,45%,57%,65%,%,,
,,Avez-vous déjà été traité injustement à cause de votre groupe ethnique ?,15%,3%,7%,12%,3%,16%,30%,3%,17%,35%,10%,8%,11%,15%,%,,
,,Dans les 12 derniers mois (% oui),42%,17%,56%,29%,67%,95%,63%,87%,92%,95%,82%,44%,55%,69%,%,,
,Religion (% répondants),Chrétien - Protestant,71%,66%,81%,83%,97%,91%,100%,72%,100%,92%,57%,14%,71%,81%,%,,
,,Musulman,1%,10%,5%,8%,3%,0%,0%,1%,0%,0%,30%,86%,1%,4%,%,,
,,Animiste,1%,0%,0%,0%,0%,0%,0%,0%,0%,1%,1%,0%,1%,0%,%,,
,,Adventiste,3%,0%,8%,0%,0%,0%,0%,2%,0%,1%,0%,0%,2%,2%,%,,
,,Kimbanguiste,1%,0%,1%,0%,0%,0%,0%,0%,0%,1%,3%,0%,1%,1%,%,,
,,Témoin de Jéhovah,3%,1%,1%,1%,0%,0%,0%,4%,0%,2%,0%,0%,3%,1%,%,,
,,Autre,19%,23%,5%,9%,0%,9%,0%,21%,0%,4%,9%,0%,21%,11%,%,,
ENGAGEMENT CIVIQUE,Membre d'un groupe ou association,Oui,59%,56%,56%,66%,80%,55%,87%,66%,55%,60%,63%,76%,46%,60%,%,,
,"Au cours de la dernière année, avez-vous participé aux choses suivantes (% oui):",À une réunion communautaire,68%,92%,72%,90%,90%,83%,79%,94%,60%,57%,81%,78%,54%,73%,%,,
,,"À des rencontres culturelles, récréationelles ou sportives",55%,55%,50%,69%,84%,83%,77%,63%,71%,44%,50%,73%,51%,62%,%,,
,,"À des rencontres communautaires ayant pour objectif l'amélioration de la sécurité dans les rues, les parcs ou votre village",55%,75%,42%,74%,74%,68%,65%,85%,54%,55%,52%,70%,49%,60%,%,,
,,À des rencontres organisées par les parties ou groupes politiques,31%,12%,32%,48%,69%,13%,36%,48%,25%,34%,26%,43%,25%,30%,%,,
,,À des recontres ayant pour objectif de construire des infrastructures publiques ou d'améliorer les espaces publics,45%,62%,41%,60%,66%,76%,80%,77%,76%,48%,56%,65%,40%,58%,%,,
,,À des rencontres ayant pour objectif de construire la paix,60%,89%,61%,84%,87%,65%,83%,89%,53%,54%,60%,84%,51%,67%,%,,
,Les hommes et les femmes participent à la vie communautaire de façon égale dans ce village/ quartier,oui,65%,80%,77%,87%,87%,85%,90%,81%,91%,72%,93%,81%,65%,78%,%,,
,Les gens ont ou peuvent…. (% beaucoup et extrèmement),la capacité d’apporter un changement dans leur quartier,74%,81%,65%,84%,63%,77%,63%,58%,37%,63%,61%,37%,71%,69%,%,,
,,la possibilité de participer aux décisions qui concernent le quartier,67%,78%,53%,80%,57%,77%,50%,53%,58%,60%,44%,25%,59%,63%,%,,
,,contribuer à la paix dans leur communauté,76%,88%,75%,94%,72%,79%,70%,63%,49%,74%,72%,39%,73%,75%,%,,
,,contribuer à la réconciliation dans leur communauté,74%,81%,70%,91%,75%,79%,77%,67%,49%,76%,70%,41%,66%,73%,%,,
,Sentiment de contrôle sur les choses suivantes (% beaucoup et extrèmement),Les décisions prises par les autorités administratives dans le village/le quartier,37%,86%,56%,83%,65%,69%,64%,53%,36%,56%,47%,35%,35%,56%,%,,
,,Les décisions prises par les autorités administratives au niveau de la prefecture,28%,82%,32%,66%,20%,58%,56%,50%,50%,48%,32%,11%,27%,45%,%,,
,,Les décisions prises par les autorités administratives au niveau national,34%,79%,30%,58%,28%,67%,62%,48%,33%,47%,26%,9%,39%,48%,%,,
,Les hommes et les femmes ont le même niveau d'influence sur les décisions prises par les autorités au niveau du village/ du quartier,Oui,78%,96%,51%,64%,87%,99%,83%,59%,87%,82%,93%,75%,79%,79%,%,,
,Les hommes et les femmes ont le même niveau d'influence sur les décisions prises par les autorités au niveau national,Oui,75%,97%,51%,74%,73%,98%,91%,57%,87%,81%,94%,77%,78%,80%,%,,
,Tous les groupes ethniques ont le même niveau d'influence sur les décisions prises par les autorités du village/ du quartier,Oui,68%,97%,60%,81%,91%,82%,90%,60%,44%,85%,94%,81%,72%,77%,%,,
,Tous les groupes religieux ont le même niveau d'influence sur les décisions prises par les autorités du village/ du quartier,Oui,68%,97%,60%,85%,95%,94%,94%,63%,44%,86%,95%,81%,70%,79%,%,,
,Capacité à s'exprimer (% perception positive),Libre d’exprimer vos préoccupations à la maison,82%,93%,96%,97%,81%,45%,58%,73%,57%,77%,87%,84%,77%,75%,%,,
,,Libre d’exprimer vos préoccupations dans votre quartier,60%,91%,70%,73%,54%,32%,39%,48%,43%,51%,57%,50%,50%,54%,%,,
,,"Il est inutile de parler, vous ne pouvez pas être entendu, personne ne vous écoute",46%,46%,37%,32%,16%,33%,11%,42%,22%,58%,25%,4%,43%,36%,%,,
PERCEPTIONS DES SERVICES/ PERFORMANCES/ REPRÉSENTATION,Perception des services (% bon et très bon),Logement,55%,62%,44%,46%,40%,47%,25%,44%,23%,15%,35%,20%,59%,44%,%,,
,,Accès à l'eau potable,32%,70%,35%,45%,37%,61%,44%,15%,32%,11%,21%,18%,30%,38%,%,,
,,Accès à la nourriture,41%,52%,40%,36%,41%,24%,25%,12%,4%,5%,27%,27%,43%,32%,%,,
,,Accès aux soins de santé,26%,53%,29%,25%,22%,37%,14%,10%,3%,6%,25%,7%,36%,26%,%,,
,,Accès aux services d'éducation (pour vous ou vos enfants),52%,70%,28%,31%,26%,48%,40%,23%,28%,39%,48%,7%,62%,44%,%,,
,,Possibilités de trouver un emploi / du travail,21%,23%,13%,2%,8%,9%,5%,8%,3%,3%,4%,1%,20%,12%,%,,
,,Accès à l'information / aux nouvelles,60%,61%,59%,55%,67%,45%,35%,13%,15%,25%,44%,2%,65%,48%,%,,
,Perception des efforts de l'État (% positif),Pour réduire la pauvreté,45%,70%,49%,16%,75%,42%,80%,22%,35%,76%,44%,6%,51%,51%,%,,
,,"Pour améliorer l'emploi, la situation économique",49%,64%,41%,8%,56%,40%,62%,21%,27%,69%,31%,5%,47%,45%,%,,
,,Pour établir la paix,63%,90%,76%,29%,83%,67%,93%,30%,43%,89%,65%,38%,62%,68%,%,,
,,Pour établir la sécurité,61%,80%,63%,19%,77%,66%,82%,30%,53%,71%,62%,20%,57%,61%,%,,
,,Pour lutter contre la corruption,36%,59%,47%,9%,48%,8%,76%,18%,22%,45%,35%,16%,35%,37%,%,,
,,Pour unir les différents groupes ethniques et religieux,64%,89%,81%,37%,88%,56%,94%,37%,36%,62%,65%,21%,65%,66%,%,,
,,Pour lutter contre l'impunité,57%,66%,70%,21%,68%,8%,83%,20%,56%,56%,52%,4%,56%,51%,%,,
,Perception des efforts des acteurs suivants pour améliorer la vie des centrafricains (% bon et très bon),ONG internationales,70%,89%,88%,70%,83%,86%,89%,56%,43%,69%,86%,26%,68%,76%,%,,
,,ONG nationales,73%,90%,83%,64%,80%,88%,88%,56%,65%,66%,86%,34%,75%,77%,%,,
,,Nations Unies,52%,84%,76%,54%,75%,62%,83%,52%,42%,45%,78%,25%,51%,61%,%,,
,,État,67%,77%,57%,34%,84%,67%,83%,27%,41%,74%,67%,7%,68%,64%,%,,
,Sentiment de représentation par les acteurs suivants (% bien et très bien),Les autorités d'administration locales (Chefs de quartier ou de village),80%,87%,86%,88%,89%,97%,90%,88%,94%,88%,81%,58%,68%,85%,%,,
,,Les autorités administratives au niveau de la préfecture,67%,84%,58%,81%,33%,81%,86%,87%,90%,82%,78%,29%,59%,72%,%,,
,,Le gouvernment central / national,76%,73%,53%,77%,50%,69%,95%,87%,62%,81%,73%,28%,73%,73%,%,,
,Les autorités représentent les intérêts des hommes et des femmes de façon égale (% oui),Traitent de façon égale,83%,91%,93%,93%,76%,95%,95%,97%,89%,86%,87%,78%,78%,88%,%,,
,,Hommes privilégiés,12%,1%,4%,5%,23%,5%,4%,2%,6%,9%,6%,16%,13%,8%,%,,
,,Femmes privilégiées,5%,8%,2%,2%,1%,0%,2%,0%,5%,5%,6%,6%,8%,4%,%,,
,Les autorités (en général) représentent les intérêts de tous les groupes ethniques de façon égale (% oui),Traitent de façon égale,72%,94%,59%,84%,82%,74%,90%,74%,66%,87%,83%,72%,67%,76%,%,,
,,Certains groupes sont privilégiés,28%,6%,41%,16%,18%,26%,10%,26%,33%,13%,17%,28%,33%,24%,%,,
,Les autorités (en général) représentent les intérêts de tous les groupes religieux de façon égale (% oui),Traitent de façon égale,73%,98%,75%,95%,94%,76%,93%,85%,73%,88%,83%,69%,70%,81%,%,,
,,Certains groupes sont privilégiés,26%,2%,25%,5%,6%,24%,7%,15%,27%,12%,17%,31%,29%,19%,%,,
,"Prêt à élire une femme à la présidence de la république, si une option",Oui,70%,83%,80%,78%,93%,39%,51%,84%,57%,95%,97%,77%,71%,70%,%,,
CONFLITS ET DISPUTES,Principaux types de conflits et disputes dans le quartier / village (% répondants - réponses multiples),Aucun conflit / dispute,10%,22%,10%,5%,7%,15%,5%,8%,34%,21%,7%,7%,14%,13%,%,,
,,"Questions d’autorités, de pouvoir",9%,6%,4%,5%,12%,1%,7%,16%,42%,18%,12%,26%,11%,10%,%,,
,,Dispute domestiques/ différends familiaux,51%,47%,52%,76%,36%,38%,66%,9%,55%,23%,28%,43%,47%,47%,%,,
,,Conflit sur les limites des terres,15%,15%,8%,1%,0%,2%,4%,9%,34%,5%,21%,4%,15%,9%,%,,
,,Conflits sur la propriété des terres,14%,15%,3%,3%,0%,3%,3%,6%,33%,6%,3%,9%,13%,8%,%,,
,,Conflits sur l’argent / paiement,19%,26%,13%,34%,11%,7%,16%,32%,41%,5%,15%,17%,21%,18%,%,,
,,Vols,54%,36%,43%,43%,38%,30%,48%,83%,91%,45%,67%,46%,51%,48%,%,,
,,Conflits ethniques,6%,11%,5%,3%,6%,15%,12%,9%,11%,15%,4%,12%,7%,9%,%,,
,,Conflits religieux,3%,1%,1%,4%,1%,6%,2%,4%,7%,11%,0%,0%,4%,4%,%,,
,,Violences physiques ou sexuelles,10%,11%,1%,10%,4%,3%,18%,12%,45%,5%,13%,0%,13%,10%,%,,
,,"Sorcellerie, chalatanisme",26%,34%,24%,37%,40%,33%,49%,64%,28%,11%,57%,23%,16%,30%,%,,
,,Violence domestique,18%,10%,19%,16%,5%,5%,24%,32%,58%,3%,37%,32%,15%,17%,%,,
,,"Différends dans la communauté (voisin, entre femmes, etc..)",40%,32%,42%,23%,3%,39%,32%,26%,54%,7%,35%,56%,31%,32%,%,,
,,"Jalousie, haine, calomnie",43%,38%,36%,42%,48%,47%,43%,41%,83%,14%,45%,49%,38%,41%,%,,
,,Autre,13%,1%,3%,7%,2%,13%,10%,4%,0%,5%,10%,2%,13%,8%,%,,
,,[Sans réponse],0%,0%,0%,0%,0%,0%,0%,0%,0%,1%,0%,0%,0%,0%,%,,
,Présence de dispute/ différend dans le quartier/ village (12 derniers mois),oui,30%,35%,25%,30%,13%,25%,45%,22%,58%,18%,40%,6%,29%,30%,%,,
,Types de différends/ disputes (% répondants - réponses multiples),"Questions d’autorités, de pouvoir",5%,2%,1%,7%,4%,3%,1%,0%,46%,18%,4%,23%,7%,8%,%,,
,,Dispute domestiques,66%,59%,38%,31%,37%,52%,88%,29%,78%,48%,43%,54%,65%,60%,%,,
,,Conflit sur les limites des terres,18%,16%,11%,3%,4%,0%,2%,14%,10%,9%,12%,8%,14%,9%,%,,
,,Conflits sur la propriété des terres,12%,10%,4%,3%,4%,3%,2%,7%,20%,11%,1%,8%,12%,8%,%,,
,,Conflits sur l’argent / paiement,31%,42%,20%,21%,30%,26%,25%,49%,12%,19%,23%,15%,35%,28%,%,,
,,Conflits ethniques,7%,22%,8%,7%,30%,28%,4%,12%,24%,15%,3%,8%,11%,13%,%,,
,,Sorcellerie,31%,59%,15%,17%,22%,31%,28%,39%,19%,9%,21%,23%,20%,26%,%,,
,,Autre,13%,7%,7%,38%,19%,12%,3%,2%,8%,21%,11%,8%,11%,11%,%,,
,,[Sans réponse],0%,0%,0%,0%,0%,0%,0%,0%,1%,0%,0%,0%,0%,0%,%,,
,Personnes approchées pour aider à résoudre ces différends/ disputes (% répondants - réponses multiples),Non - Personne,18%,11%,3%,13%,26%,33%,12%,14%,9%,50%,27%,15%,23%,18%,%,,
,,Sans aide extérieur - avec l'autre partie,5%,4%,1%,5%,0%,0%,12%,7%,18%,8%,24%,23%,6%,7%,%,,
,,"La population elle-même, les familles",44%,1%,10%,33%,19%,0%,55%,4%,74%,20%,30%,15%,49%,33%,%,,
,,Les autorités villageoises,26%,57%,15%,20%,19%,43%,20%,40%,22%,17%,43%,23%,9%,25%,%,,
,,Le chef coutumier,28%,11%,28%,35%,41%,38%,36%,41%,39%,2%,9%,0%,24%,28%,%,,
,,La police,13%,2%,7%,1%,0%,2%,0%,2%,0%,0%,0%,0%,12%,5%,%,,
,,Les chefs religieux,16%,4%,4%,2%,11%,33%,30%,4%,65%,6%,4%,15%,13%,19%,%,,
,,Les militaires,1%,0%,0%,0%,4%,0%,0%,0%,0%,1%,0%,0%,1%,0%,%,,
,,Les groupes armés,0%,0%,0%,3%,0%,0%,0%,0%,0%,0%,7%,8%,0%,0%,%,,
,,Le système judiciaire national,3%,0%,6%,1%,4%,0%,0%,1%,0%,0%,0%,0%,6%,2%,%,,
,,Les ONGs,1%,0%,0%,6%,0%,0%,0%,0%,27%,8%,0%,0%,2%,3%,%,,
,,La mairie,6%,10%,6%,8%,0%,3%,8%,18%,1%,2%,5%,0%,0%,5%,%,,
,,Les associations,0%,1%,0%,3%,0%,0%,0%,0%,0%,2%,0%,0%,0%,1%,%,,
,,Les gendarmes,14%,23%,22%,13%,4%,5%,2%,8%,0%,1%,0%,8%,4%,9%,%,,
,,Autre,3%,1%,1%,4%,11%,2%,0%,0%,2%,5%,1%,0%,6%,3%,%,,
,,[Sans réponse],0%,0%,1%,0%,0%,0%,0%,0%,0%,0%,0%,0%,0%,0%,%,,
,Satisfaction sur la résolution,oui,84%,86%,74%,63%,81%,72%,71%,78%,26%,90%,53%,100%,85%,74%,%,,
,Acceptable d'utiliser la violence dans les situations suivantes (% oui):,Protéger la communauté,14%,1%,12%,1%,0%,33%,45%,1%,11%,7%,2%,40%,11%,16%,%,,
,,Rétablir la sécurité,24%,3%,22%,17%,0%,61%,51%,2%,27%,9%,2%,42%,23%,27%,%,,
,,Résoudre les conflits,16%,2%,14%,6%,1%,1%,50%,2%,20%,9%,1%,25%,18%,15%,%,,
,,Promouvoir un politicien,9%,1%,2%,0%,0%,0%,27%,0%,10%,5%,2%,10%,12%,7%,%,,
,,Défendre les intérêts d'un groupe ethnique,14%,1%,9%,1%,0%,10%,46%,1%,15%,4%,6%,33%,13%,13%,%,,
,,Défendre les intérêts d'un groupe religieux,13%,4%,5%,1%,0%,10%,46%,1%,12%,3%,4%,28%,14%,12%,%,,
,,Rendre justice,16%,6%,11%,1%,0%,0%,5%,3%,37%,9%,0%,23%,17%,9%,%,,
,,Se venger quand on est victime d'un crime,13%,1%,28%,3%,1%,2%,12%,5%,10%,4%,7%,21%,12%,10%,%,,
SÉCURITÉ,Sentiment de sécurité (% en sécurité),En général dans le quartier/ village,53%,96%,73%,88%,80%,83%,44%,40%,5%,17%,19%,67%,54%,60%,%,,
,,Aller à votre travail/ au champ,54%,93%,87%,90%,72%,50%,49%,41%,34%,11%,7%,72%,53%,57%,%,,
,,Marcher seul pendant le jour dans votre quartier/ village,62%,94%,98%,96%,79%,42%,56%,51%,31%,18%,35%,93%,66%,64%,%,,
,,Marcher seul pendant la nuit dans votre quartier/ village,36%,74%,55%,86%,32%,40%,28%,27%,27%,8%,6%,58%,32%,40%,%,,
,,Rencontrer des gens que vous ne connaissez pas,29%,65%,51%,72%,36%,12%,21%,25%,18%,9%,6%,40%,29%,32%,%,,
,,Rencontrer des gens d'un autre groupe ethnique,34%,68%,95%,82%,60%,12%,22%,53%,19%,9%,8%,39%,36%,41%,%,,
,,Rencontrer des soldats (FACA),80%,91%,99%,97%,79%,99%,63%,94%,76%,95%,97%,78%,82%,87%,%,,
,,Rencontrer des soldats (MINUSCA),47%,91%,87%,87%,71%,79%,55%,88%,41%,37%,71%,92%,41%,64%,%,,
,,Rencontrer des groupes armés,8%,5%,4%,1%,3%,1%,0%,10%,7%,1%,4%,19%,6%,4%,%,,
,,Rencontrer des policiers ou des gendarmes,75%,97%,98%,99%,80%,93%,63%,86%,66%,92%,92%,85%,79%,85%,%,,
,,Parler ouvertement de votre expérience durant les conflits,39%,92%,61%,74%,66%,14%,32%,57%,27%,12%,14%,59%,44%,44%,%,,
,,"Vous plaindre auprès des autorités quand vous êtes la victime d'un crime, d'une aggression ou d'un délit",48%,93%,93%,73%,68%,10%,38%,53%,24%,16%,10%,60%,51%,49%,%,,
,Amélioration de la sécurité dans le quartier/ village au cours des 12 derniers mois,Oui,87%,97%,85%,99%,83%,83%,70%,77%,51%,85%,76%,60%,72%,81%,%,,
,Cause principale d’insécurité (% répondants),Aucun problème de sécurité,8%,56%,1%,6%,21%,6%,1%,8%,0%,0%,3%,5%,12%,10%,%,,
,,Absence de passants,1%,1%,0%,1%,0%,0%,0%,0%,0%,0%,0%,2%,1%,1%,%,,
,,"Peur d'etre volé , agressé physiquement",7%,1%,4%,4%,0%,0%,3%,2%,1%,1%,3%,1%,7%,3%,%,,
,,"Manque de propreté, insalubre",2%,1%,2%,1%,2%,0%,2%,0%,0%,0%,0%,0%,2%,1%,%,,
,,Manque d'éclairage,9%,3%,8%,4%,0%,0%,2%,0%,0%,0%,0%,0%,13%,5%,%,,
,,Manque de présence policière centrafricaine,2%,2%,2%,0%,0%,0%,3%,0%,0%,0%,0%,0%,4%,2%,%,,
,,"Trafiquants de drogue, drogués",1%,2%,0%,0%,5%,0%,0%,1%,0%,0%,1%,2%,2%,1%,%,,
,,"Trafiquants d'armes, autre marchandise",0%,0%,0%,0%,0%,0%,0%,0%,0%,0%,1%,1%,1%,0%,%,,
,,"Présence de mendiants, vendeurs à la sauvette",0%,3%,0%,0%,0%,0%,1%,0%,0%,0%,0%,0%,0%,0%,%,,
,,Présence de personnes ivres,1%,4%,0%,0%,2%,0%,1%,0%,0%,0%,0%,0%,1%,1%,%,,
,,Groupes de jeunes et autres bandes aggressives (clans),2%,0%,3%,0%,0%,0%,4%,0%,2%,0%,2%,0%,3%,2%,%,,
,,Présence de violeurs,1%,0%,0%,0%,1%,0%,0%,0%,0%,0%,0%,1%,2%,1%,%,,
,,Présence de check points sur les routes,1%,0%,1%,0%,0%,6%,1%,1%,1%,0%,2%,2%,1%,1%,%,,
,,"Présence de bandits,criminels, voleurs",3%,0%,4%,0%,2%,4%,1%,1%,1%,0%,0%,14%,5%,3%,%,,
,,"Présence de groupes armés (seleka, antibalaka…)",7%,1%,2%,5%,0%,10%,48%,32%,26%,7%,58%,16%,4%,13%,%,,
,,Présence des policiers/ gendarmes,0%,0%,0%,0%,0%,0%,1%,0%,0%,0%,0%,0%,0%,0%,%,,
,,Présence des FACA,0%,0%,0%,0%,0%,0%,0%,0%,0%,0%,0%,0%,0%,0%,%,,
,,Présence de la MINUSCA,0%,0%,0%,0%,0%,0%,0%,0%,0%,4%,0%,0%,1%,1%,%,,
,,Manque de présence de gendarmerie nationale,1%,2%,0%,0%,6%,15%,2%,3%,0%,0%,0%,4%,1%,3%,%,,
,,Présence des musulmans,1%,3%,0%,0%,0%,0%,3%,0%,0%,1%,2%,0%,2%,1%,%,,
,,Présence des Peulhs,5%,0%,0%,16%,0%,0%,4%,17%,35%,47%,2%,6%,0%,8%,%,,
,,Manque de présence des FACA,9%,2%,3%,20%,13%,23%,6%,2%,8%,17%,1%,1%,8%,10%,%,,
,,"Sorcellerie, charlatanisme",1%,3%,4%,11%,9%,0%,1%,1%,0%,0%,0%,2%,1%,2%,%,,
,,"Rumeurs (attaques, groupes armés…)",6%,3%,29%,6%,13%,0%,17%,8%,2%,3%,1%,3%,5%,8%,%,,
,,"Circulation d'armes, absence de DDR",8%,1%,7%,4%,0%,20%,3%,17%,7%,2%,11%,13%,10%,8%,%,,
,,"Pauvreté, chômage, manque de développement/ urbanisation",23%,11%,30%,18%,11%,13%,2%,6%,3%,6%,12%,18%,14%,14%,%,,
,,Autre,2%,1%,0%,1%,13%,1%,1%,2%,11%,9%,0%,9%,2%,3%,%,,
,,Ne sait pas,0%,0%,0%,0%,0%,0%,0%,0%,0%,4%,0%,0%,0%,0%,%,,
,Autres causes d’insécurité (% répondants - réponses multiples),Aucun problème de sécurité,7%,47%,1%,4%,17%,4%,1%,8%,0%,0%,3%,7%,10%,8%,%,,
,,Absence de passants,4%,3%,3%,6%,0%,10%,5%,0%,17%,1%,0%,2%,3%,4%,%,,
,,"Peur d'etre volé , agressé physiquement",25%,7%,22%,12%,4%,1%,45%,3%,52%,3%,35%,4%,28%,20%,%,,
,,"Manque de propreté, insalubre",15%,20%,34%,5%,5%,0%,8%,0%,38%,6%,2%,0%,14%,13%,%,,
,,Manque d'éclairage,36%,28%,50%,16%,4%,9%,11%,1%,26%,7%,15%,0%,41%,24%,%,,
,,Manque de présence policière centrafricaine,12%,10%,14%,5%,11%,8%,16%,1%,54%,5%,30%,19%,17%,13%,%,,
,,"Trafiquants de drogue, drogués",14%,4%,1%,1%,10%,0%,2%,3%,20%,2%,26%,6%,17%,7%,%,,
,,"Trafiquants d'armes, autre marchandise",6%,0%,0%,0%,0%,0%,4%,0%,24%,2%,32%,5%,6%,4%,%,,
,,"Présence de mendiants, vendeurs à la sauvette",1%,3%,0%,0%,0%,0%,2%,0%,19%,2%,5%,0%,2%,2%,%,,
,,Présence de personnes ivres,7%,6%,2%,1%,6%,0%,6%,0%,9%,1%,1%,0%,4%,3%,%,,
,,Groupes de jeunes et autres bandes aggressives (clans),11%,1%,7%,2%,2%,0%,27%,4%,51%,4%,6%,3%,14%,10%,%,,
,,Présence de violeurs,7%,0%,0%,0%,0%,0%,2%,0%,10%,1%,2%,8%,6%,3%,%,,
,,Présence de check points sur les routes,4%,1%,1%,1%,2%,23%,26%,4%,62%,1%,23%,5%,4%,10%,%,,
,,"Présence de bandits,criminels, voleurs",22%,0%,10%,1%,2%,23%,13%,4%,72%,5%,9%,18%,23%,16%,%,,
,,"Présence de groupes armés (seleka, antibalaka…)",17%,2%,3%,10%,0%,37%,78%,46%,81%,19%,71%,13%,18%,27%,%,,
,,Présence des policiers/ gendarmes,0%,0%,0%,0%,3%,0%,1%,0%,3%,1%,0%,1%,1%,1%,%,,
,,Présence des FACA,0%,0%,0%,2%,2%,0%,0%,0%,2%,0%,0%,0%,1%,0%,%,,
,,Présence de la MINUSCA,4%,0%,0%,1%,1%,0%,1%,0%,1%,31%,0%,3%,7%,5%,%,,
,,Manque de présence de gendarmerie nationale,10%,5%,10%,19%,16%,50%,23%,14%,64%,8%,34%,27%,13%,20%,%,,
,,Présence des musulmans,9%,4%,1%,0%,2%,4%,29%,2%,6%,22%,4%,0%,7%,9%,%,,
,,Présence des Peulhs,7%,2%,0%,27%,0%,6%,32%,25%,65%,63%,19%,6%,2%,16%,%,,
,,Manque de présence des FACA,28%,12%,20%,66%,21%,55%,40%,21%,66%,63%,33%,5%,24%,36%,%,,
,,"Sorcellerie, charlatanisme",16%,13%,26%,36%,18%,4%,15%,10%,1%,4%,27%,15%,8%,14%,%,,
,,"Rumeurs (attaques, groupes armés…)",25%,4%,42%,23%,18%,9%,55%,30%,53%,19%,26%,19%,22%,26%,%,,
,,"Circulation d'armes, absence de DDR",36%,3%,24%,21%,3%,37%,18%,37%,68%,23%,67%,33%,32%,28%,%,,
,,"Pauvreté, chômage, manque de développement/ urbanisation",60%,36%,64%,63%,31%,33%,25%,29%,61%,37%,52%,52%,41%,44%,%,,
,,Autre,6%,1%,2%,4%,13%,2%,1%,1%,8%,3%,0%,5%,5%,4%,%,,
,,Ne sait pas,1%,0%,0%,0%,0%,0%,0%,0%,0%,1%,0%,0%,0%,0%,%,,
,,[Sans réponse],0%,0%,0%,0%,0%,0%,0%,0%,0%,0%,0%,0%,0%,0%,%,,
,Mesures pour se sentir plus en sécurité (% répondants - réponses multiples),Plus de policiers centrafricains,20%,35%,16%,8%,6%,2%,75%,0%,42%,47%,58%,78%,26%,28%,%,,
,,Moins de policiers centrafricains,1%,2%,0%,0%,0%,0%,0%,0%,0%,0%,0%,0%,1%,0%,%,,
,,Plus de groupes d’autodéfense du quartier,13%,13%,2%,9%,8%,11%,3%,3%,12%,3%,5%,3%,17%,9%,%,,
,,Moins de groupes d’autodéfense du quartier,3%,4%,1%,2%,0%,0%,3%,1%,12%,2%,0%,0%,1%,2%,%,,
,,Plus de nettoyage du quartier,19%,11%,21%,18%,4%,7%,9%,0%,24%,35%,5%,0%,21%,16%,%,,
,,Moins d’attroupements de bandes au bord des routes,3%,13%,1%,4%,1%,0%,7%,6%,14%,4%,0%,0%,5%,4%,%,,
,,Plus d'éclairage public,34%,36%,50%,14%,1%,3%,8%,1%,21%,30%,19%,3%,44%,25%,%,,
,,Plus de patrouilles policières dans les quartiers,27%,16%,21%,18%,4%,18%,46%,7%,43%,23%,20%,39%,39%,27%,%,,
,,Avoir un poste de police dans le quartier,22%,15%,22%,10%,12%,7%,44%,1%,71%,39%,15%,3%,24%,23%,%,,
,,Plus de patrouilles des FACA,9%,18%,29%,61%,39%,1%,0%,40%,21%,1%,31%,40%,11%,16%,%,,
,,Plus de patrouilles de la MINUSCA,3%,3%,12%,43%,13%,0%,0%,11%,16%,0%,28%,75%,2%,8%,%,,
,,Plus de gendarmes nationaux,24%,30%,24%,60%,33%,42%,81%,24%,43%,29%,60%,37%,21%,37%,%,,
,,Moins de gendarmes nationaux,1%,0%,1%,0%,0%,0%,0%,0%,1%,0%,0%,1%,1%,0%,%,,
,,Créer un réseau d'alerte,13%,20%,2%,21%,29%,2%,9%,0%,21%,19%,4%,14%,11%,11%,%,,
,,Améliorer le réseau d'alerte,11%,4%,2%,7%,0%,3%,5%,1%,12%,16%,3%,18%,7%,6%,%,,
,,Désarmement (DDR),65%,50%,65%,51%,12%,90%,94%,88%,97%,74%,86%,55%,60%,70%,%,,
,,Arrêter/ éliminer les groupes armés,34%,25%,33%,24%,7%,58%,36%,35%,80%,15%,51%,12%,27%,34%,%,,
,,"Plus de communication, dialogue, cohésion sociale",54%,45%,39%,26%,2%,86%,68%,20%,38%,28%,54%,77%,41%,48%,%,,
,,"Plus de développement, emploi",51%,51%,80%,58%,25%,61%,39%,24%,39%,59%,68%,71%,37%,51%,%,,
,,Autre,5%,2%,2%,6%,19%,5%,30%,5%,7%,11%,6%,4%,7%,9%,%,,
,,Ne sait pas,0%,0%,0%,0%,0%,0%,0%,1%,0%,0%,0%,0%,0%,0%,%,,
,,Sans réponse,0%,0%,0%,0%,0%,0%,0%,0%,0%,0%,0%,0%,0%,0%,%,,
ACTEURS DE SÉCURITÉ (GÉNÉRAL),Personnes ou groupes qui assurent principalement la sécurité dans ce quartier/village (% répondants),Personne,8%,10%,1%,0%,0%,2%,1%,1%,0%,3%,0%,0%,11%,4%,%,,
,,La police centrafricaine,4%,0%,7%,2%,4%,0%,0%,0%,0%,0%,2%,0%,7%,3%,%,,
,,La gendarmerie nationale,8%,25%,24%,17%,29%,13%,4%,1%,0%,7%,5%,0%,3%,11%,%,,
,,Les sociétés privées de gardiennage,0%,0%,0%,0%,0%,0%,0%,0%,0%,0%,0%,0%,0%,0%,%,,
,,Les chefs de quartier,29%,35%,14%,62%,25%,46%,22%,9%,4%,29%,21%,18%,24%,29%,%,,
,,La police municipale,0%,0%,0%,0%,0%,2%,0%,0%,0%,0%,0%,0%,0%,0%,%,,
,,Les groupes d’autodéfense,1%,2%,2%,0%,21%,5%,8%,1%,4%,0%,1%,12%,2%,3%,%,,
,,Les groupes armés,0%,0%,0%,0%,0%,0%,0%,0%,0%,0%,2%,15%,0%,0%,%,,
,,Les FACA,6%,1%,7%,2%,2%,22%,0%,4%,0%,9%,5%,0%,4%,6%,%,,
,,La MINUSCA,0%,0%,2%,8%,0%,5%,19%,2%,27%,3%,0%,20%,1%,5%,%,,
,,Population elle-même,20%,17%,14%,1%,3%,3%,28%,13%,3%,10%,14%,23%,20%,14%,%,,
,,Dieu,22%,9%,30%,7%,0%,1%,19%,62%,48%,38%,50%,9%,28%,22%,%,,
,,Autre,1%,0%,0%,1%,15%,0%,1%,5%,14%,1%,1%,4%,1%,2%,%,,
,,Ne sait pas,0%,0%,0%,0%,0%,0%,0%,2%,0%,0%,0%,0%,0%,0%,%,,
POLICE,Présence de la police pour assurer la sécurité dans le quartier/ village,OUI,25%,22%,42%,23%,17%,34%,11%,18%,0%,25%,8%,20%,44%,28%,%,,
,Contribution de la police à la sécurité dans votre quartier/ village,% Contribution positive,38%,50%,25%,45%,28%,54%,45%,14%,0%,52%,55%,3%,53%,42%,%,,
,Évolution du travail de la police dans les 12 derniers mois,% Amélioration,56%,51%,39%,73%,42%,67%,11%,21%,0%,58%,13%,21%,67%,48%,%,,
,Aidé par la police dans la dernière année,OUI,16%,12%,4%,2%,2%,27%,10%,16%,0%,24%,1%,1%,22%,14%,%,,
,Victime de mauvais traitement par la police dans la dernière année,OUI,3%,2%,5%,2%,0%,1%,1%,2%,1%,5%,1%,1%,3%,3%,%,,
GENDARMES,Présence de la gendarmerie pour assurer la sécurité dans le quartier/ village,OUI,49%,75%,72%,52%,74%,65%,34%,34%,0%,43%,7%,17%,42%,50%,%,,
,Contribution de la gendarmerie à la sécurité dans votre quartier/ village,% Contribution positive,55%,87%,51%,59%,60%,75%,51%,19%,0%,68%,55%,4%,60%,57%,%,,
,Évolution du travail de la gendarmerie dans les 12 derniers mois,% Amélioration,71%,84%,58%,81%,78%,78%,26%,33%,0%,71%,13%,18%,75%,62%,%,,
,Aidé par la gendarmerie dans la dernière année,OUI,24%,46%,10%,6%,6%,57%,32%,29%,0%,46%,1%,2%,20%,27%,%,,
,Victime de mauvais traitement par des gendarmes dans la dernière année,OUI,3%,1%,7%,1%,1%,0%,1%,4%,0%,6%,1%,0%,2%,2%,%,,
FACA,Présence des FACA pour assurer la sécurité dans le quartier/ village,OUI,32%,15%,45%,15%,22%,49%,3%,38%,0%,17%,5%,0%,39%,28%,%,,
,Contribution des FACA à la sécurité dans votre quartier/ village,% Contribution positive,51%,63%,26%,40%,22%,68%,49%,20%,0%,51%,45%,0%,60%,47%,%,,
,Évolution du travail des FACA dans les 12 derniers mois,% Amélioration,58%,69%,40%,88%,34%,71%,1%,33%,0%,42%,2%,4%,67%,49%,%,,
,Aidé par les FACA dans la dernière année,OUI,21%,5%,4%,0%,0%,36%,1%,28%,0%,20%,2%,1%,25%,15%,%,,
,Victime de mauvais traitement par les FACA dans la dernière année,OUI,3%,0%,2%,1%,0%,2%,0%,4%,1%,4%,2%,0%,2%,2%,%,,
MINUSCA,Présence de la MINUSCA pour assurer la sécurité dans le quartier/ village,OUI,12%,22%,63%,27%,21%,76%,70%,52%,88%,43%,56%,47%,25%,45%,%,,
,Contribution de la MINUSCA à la sécurité dans votre quartier/ village,% Contribution positive,21%,50%,14%,35%,17%,62%,55%,22%,19%,30%,46%,27%,20%,34%,%,,
,Évolution du travail de la MINUSCA dans les 12 derniers mois,% Amélioration,18%,44%,23%,45%,37%,74%,50%,37%,71%,40%,27%,43%,21%,39%,%,,
,Aidé par la MINUSCA dans la dernière année,OUI,8%,12%,2%,4%,0%,53%,52%,27%,40%,28%,17%,6%,8%,22%,%,,
,Victime de mauvais traitement par la MINUSCA dans la dernière année,OUI,1%,2%,0%,0%,0%,5%,4%,3%,22%,24%,2%,4%,2%,5%,%,,
CRIMES,Victime d'un vol/ cambriolage (12 derniers mois),Oui,45%,26%,40%,21%,32%,36%,38%,53%,84%,46%,49%,28%,42%,40%,%,,
,Se faire agresser physiquement sans arme (12 derniers mois),Oui,22%,1%,8%,3%,5%,23%,17%,10%,37%,19%,28%,12%,17%,15%,%,,
,Se faire agresser physiquement avec une arme (12 derniers mois),Oui,16%,3%,8%,3%,9%,21%,25%,25%,70%,30%,19%,16%,16%,18%,%,,
,Être forcé de payer des motivations (corruption) (12 derniers mois),Oui,15%,3%,19%,7%,6%,8%,22%,7%,39%,10%,21%,6%,14%,13%,%,,
,Être victime de sorcellerie (12 derniers mois),Oui,26%,10%,12%,10%,20%,25%,48%,18%,38%,29%,23%,28%,19%,23%,%,,
,Connaître quelqu'un victime de sorcellerie (12 derniers mois),Oui,32%,25%,30%,37%,33%,38%,65%,49%,51%,18%,46%,33%,24%,35%,%,,
,Connaître quelqu'un accusé de sorcellerie (12 derniers mois),Oui,36%,26%,43%,40%,36%,40%,52%,54%,54%,24%,60%,34%,23%,37%,%,,
,Etre accusé de sorcellerie (12 derniers mois),Oui,8%,1%,5%,4%,6%,1%,17%,8%,7%,4%,11%,9%,7%,6%,%,,
VIOLENCES LIÉES AUX CONFLITS,Témoin de violences liées aux conflits (général - 12 derniers mois) - (toutes les catégories),Oui,24%,0%,14%,4%,2%,14%,19%,17%,72%,15%,60%,3%,19%,17%,%,,
,Combats,Oui,5%,0%,1%,1%,0%,9%,0%,1%,29%,4%,30%,0%,6%,5%,%,,
,Aggressions physiques,Oui,14%,0%,9%,4%,1%,5%,1%,3%,54%,4%,51%,1%,10%,8%,%,,
,Viol,Oui,6%,0%,0%,2%,0%,0%,2%,2%,9%,4%,8%,0%,4%,2%,%,,
,Esclavage sexuel,Oui,0%,0%,0%,0%,0%,0%,1%,1%,8%,1%,2%,0%,0%,1%,%,,
,Prostitution forcée/ proxénétisme,Oui,0%,0%,0%,0%,0%,0%,1%,0%,1%,0%,0%,0%,0%,0%,%,,
,Grossesse forcée,Oui,0%,0%,0%,0%,0%,0%,3%,0%,5%,1%,0%,0%,0%,1%,%,,
,Stérilisation forcée,Oui,2%,0%,0%,0%,0%,0%,0%,0%,0%,0%,0%,1%,0%,0%,%,,
,Autre agression sexuelle,Oui,4%,0%,0%,1%,0%,0%,1%,1%,9%,1%,9%,0%,2%,1%,%,,
,"Vols, pillages",Oui,19%,0%,7%,3%,2%,12%,14%,16%,59%,11%,37%,0%,12%,12%,%,,
,Destruction des propriétés,Oui,8%,0%,8%,3%,1%,7%,9%,9%,55%,3%,22%,0%,9%,8%,%,,
,Meurtres,Oui,12%,0%,2%,1%,0%,3%,3%,10%,12%,3%,30%,0%,11%,6%,%,,
,Autre,Oui,0%,0%,0%,0%,0%,0%,0%,0%,2%,1%,0%,0%,0%,0%,%,,
,Victime de violences liés aux conflits (général - 12 derniers mois) (toutes les catégories),Oui,19%,1%,6%,3%,3%,35%,47%,13%,58%,17%,29%,2%,14%,20%,%,,
,Combats,Oui,4%,0%,0%,1%,0%,27%,2%,0%,15%,3%,2%,0%,4%,6%,%,,
,Aggressions physiques,Oui,11%,0%,2%,1%,2%,14%,7%,3%,42%,5%,18%,1%,7%,8%,%,,
,Viol,Oui,6%,0%,0%,1%,0%,0%,6%,1%,2%,3%,0%,0%,3%,2%,%,,
,Esclavage sexuel,Oui,1%,0%,0%,0%,0%,0%,0%,2%,5%,1%,0%,0%,0%,0%,%,,
,Prostitution forcée/ proxénétisme,Oui,0%,0%,0%,0%,0%,0%,0%,1%,1%,0%,0%,0%,0%,0%,%,,
,Grossesse forcée,Oui,1%,0%,0%,0%,0%,0%,2%,0%,1%,1%,0%,0%,0%,0%,%,,
,Stérilisation forcée,Oui,2%,0%,0%,0%,0%,0%,0%,0%,0%,0%,0%,0%,0%,0%,%,,
,Autre agression sexuelle,Oui,5%,0%,0%,0%,0%,0%,2%,1%,2%,1%,0%,0%,2%,1%,%,,
,"Vols, pillages",Oui,13%,1%,4%,1%,3%,34%,43%,12%,50%,11%,21%,0%,10%,17%,%,,
,Destruction des propriétés,Oui,4%,0%,2%,2%,2%,31%,19%,6%,46%,5%,1%,1%,6%,11%,%,,
,Meurtres,Oui,5%,1%,0%,0%,0%,14%,2%,3%,0%,5%,2%,0%,4%,4%,%,,
,Autre,Oui,0%,0%,0%,0%,0%,0%,0%,0%,2%,1%,3%,0%,1%,0%,%,,
,Menacé de mort à cause des conflits (12 derniers mois),Oui,31%,0%,14%,4%,10%,21%,43%,16%,43%,35%,21%,9%,25%,23%,%,,
,Pensé que vous alliez mourir à cause des conflits (12 derniers mois),Oui,50%,21%,30%,4%,15%,48%,52%,39%,69%,84%,53%,18%,53%,44%,%,,
,Perdu des membres de votre ménage parce qu'ils ont été kidnappés ou ont disparu à cause des conflits (12 derniers mois),Oui,29%,6%,4%,1%,8%,37%,28%,29%,29%,55%,6%,15%,34%,25%,%,,
,Perdu des membres de votre ménage parce qu'ils ont été tués à cause des conflits (12 derniers mois),Oui,52%,15%,9%,6%,13%,63%,51%,45%,56%,79%,12%,13%,52%,42%,%,,
,"Personnellement été emprisonné, forcé de travailler, ou forcé de commettre des violences comme voler, tuer ou battre des personnes, par des groupes armés ou militaires (12 derniers mois)",Oui,85%,99%,99%,99%,98%,95%,80%,94%,90%,92%,88%,95%,88%,92%,%,,
VIOLENCES SEXUELLES,Perception générale sur les violences sexuelles et acteurs associés (% d'accord),"Les violences sexuelles doivent se résoudre dans les familles, sans les autorités",75%,76%,34%,73%,78%,72%,57%,58%,34%,55%,35%,53%,65%,62%,%,,
,,Les responsables de violence sexuelles sont généralement punis,94%,97%,78%,97%,97%,100%,97%,99%,77%,96%,96%,96%,92%,93%,%,,
,,Les policiers/ gendarmes sont punis de façon appropriée lorsqu'ils sont coupables de violences sexuelles,90%,100%,90%,100%,90%,99%,91%,99%,97%,97%,99%,98%,90%,94%,%,,
,,Les soldats FACA sont punis de façon appropriée lorsqu'ils sont coupables de violences sexuelles,91%,99%,89%,100%,87%,99%,90%,100%,95%,97%,99%,98%,91%,94%,%,,
,,Les soldats de la MINUSCA sont punis de façon appropriée lorsqu'ils sont coupables de violence sexuelles,84%,98%,83%,99%,84%,100%,88%,99%,97%,96%,100%,96%,84%,91%,%,,
,,Les victimes de violences sexuelles peuvent avoir leur cas jugés par les tribunaux,91%,99%,98%,100%,99%,99%,97%,99%,89%,96%,100%,98%,92%,96%,%,,
,,Les victimes des violences sexuelles peuvent avoir leur cas enquêtés par la police,86%,100%,97%,100%,98%,99%,99%,98%,98%,97%,99%,98%,89%,96%,%,,
,Forcé de marier quelqu'un contre votre volonté,Oui,19%,0%,15%,11%,17%,2%,15%,15%,27%,5%,15%,27%,12%,12%,%,,
,"Empêché d'avoir une activité ééconomique, destruction d'outils de travail ou refus d'accès à la terre",Oui,28%,1%,29%,19%,14%,16%,29%,18%,56%,27%,27%,28%,18%,22%,%,,
,"Victime de violences morales, psychologiques ou affectives",Oui,50%,5%,36%,78%,41%,59%,69%,51%,90%,43%,34%,23%,45%,49%,%,,
,"Connaître une ou plusieurs personnes qui ont été harcelées, agressées ou mutilées sexuellement au cours des deux dernières années, que ce soit chez eux ou ailleurs",Oui,23%,3%,6%,16%,8%,18%,44%,27%,54%,6%,46%,33%,18%,20%,%,,
,"Témoin d'une ou plusieurs personnes qui ont été harcelées, agressées ou mutilées sexuellement au cours des deux dernières années, que ce soit chez eux ou ailleurs",Oui,21%,0%,3%,12%,2%,8%,13%,14%,49%,6%,31%,26%,16%,12%,%,,
,"Victime d'un harcèlement, aggression ou mutilation sexuelle au cours des deux dernières années, que ce soit chez vous ou ailleurs",Oui,9%,0%,0%,6%,1%,3%,10%,6%,3%,2%,10%,5%,6%,5%,%,,
,Arrivé plusieurs fois,Oui,47%,0%,80%,82%,0%,17%,40%,15%,29%,88%,37%,18%,49%,46%,%,,
,Responsable du dernier incident de violence sexuelle,Membre de votre famille,15%,0%,20%,16%,0%,33%,10%,10%,0%,21%,5%,0%,16%,15%,%,,
,,Ami proche,22%,0%,0%,25%,0%,33%,5%,0%,0%,6%,1%,18%,27%,17%,%,,
,,Connaissance,6%,0%,0%,22%,0%,17%,10%,0%,0%,21%,18%,0%,14%,11%,%,,
,,Personne en tenue,16%,0%,0%,5%,0%,17%,15%,42%,71%,9%,40%,45%,18%,18%,%,,
,,Personne inconnue,24%,0%,60%,11%,0%,0%,35%,43%,14%,15%,26%,18%,22%,24%,%,,
,,Patron,2%,0%,0%,1%,0%,0%,0%,0%,0%,12%,0%,0%,0%,1%,%,,
,,Ne sait pas,0%,0%,0%,0%,0%,0%,0%,0%,0%,0%,0%,18%,0%,0%,%,,
,,Autre,15%,0%,20%,19%,100%,0%,25%,4%,14%,18%,10%,0%,3%,14%,%,,
,"Parlé de du dernier incident de violence sexuelle, et si oui, à qui (% répondants - réponses multiples)",Non,49%,0%,0%,28%,0%,50%,15%,6%,14%,41%,35%,45%,24%,29%,%,,
,,"oui, à un parent (mère, père)",29%,0%,60%,59%,50%,17%,60%,51%,86%,18%,44%,27%,34%,42%,%,,
,,"oui, à un frère, sœur",16%,0%,20%,61%,0%,17%,45%,48%,43%,3%,19%,0%,36%,33%,%,,
,,"oui, à un autre membre du ménage",8%,0%,20%,15%,0%,17%,60%,0%,29%,6%,24%,0%,13%,23%,%,,
,,"oui, à un(e) ami(e)",3%,0%,0%,19%,0%,17%,20%,41%,14%,0%,5%,0%,6%,12%,%,,
,,"oui, à la police",13%,0%,60%,4%,0%,0%,0%,0%,0%,3%,2%,0%,20%,8%,%,,
,,"oui, au chef de quartier",22%,0%,60%,6%,50%,17%,30%,16%,71%,26%,18%,27%,32%,26%,%,,
,,"oui, au tribunal",9%,0%,40%,4%,0%,0%,0%,3%,0%,0%,0%,0%,15%,6%,%,,
,,"oui, à la gendarmerie",5%,0%,60%,5%,0%,0%,0%,6%,0%,3%,0%,9%,12%,5%,%,,
,,"oui, au prêtre / imam du quartier",2%,0%,20%,0%,0%,0%,0%,7%,57%,0%,0%,0%,0%,2%,%,,
,,Autre,2%,0%,40%,8%,0%,0%,0%,3%,0%,15%,0%,0%,13%,5%,%,,
,"Porté plainte, et si oui, auprès de qui (% répondants - réponses multiples)","Non, pas de plainte",57%,0%,40%,46%,50%,67%,80%,85%,100%,56%,88%,64%,35%,61%,%,,
,,"oui, à la police",18%,0%,40%,1%,0%,0%,0%,0%,0%,0%,0%,0%,29%,10%,%,,
,,"oui, au chef de quartier",30%,0%,20%,5%,50%,17%,20%,9%,14%,26%,14%,18%,45%,25%,%,,
,,"oui, au tribunal",11%,0%,40%,6%,0%,0%,0%,1%,0%,6%,0%,0%,22%,8%,%,,
,,"oui, à la gendarmerie",9%,0%,40%,6%,0%,17%,0%,3%,0%,15%,0%,18%,14%,8%,%,,
,,"oui, au prêtre / imam du quartier",7%,0%,0%,0%,0%,0%,0%,0%,57%,0%,0%,0%,0%,3%,%,,
,,"oui, à un parent",7%,0%,0%,44%,0%,0%,15%,0%,43%,0%,0%,0%,2%,11%,%,,
,,"Oui, au procureur/ parquet",10%,0%,40%,4%,0%,0%,0%,4%,0%,0%,0%,0%,13%,6%,%,,
,,Autre,8%,0%,20%,4%,0%,0%,5%,0%,0%,21%,0%,0%,18%,8%,%,,
,Satisfaits de la résolution,oui,67%,0%,40%,20%,0%,33%,15%,45%,0%,94%,29%,18%,63%,43%,%,,
RETOUR DE PERSONNES DÉPLACÉES,Perception du retour des personnes déplacées ou réfugiées (retournées) dans la communauté,Bon et très bon,88%,92%,90%,88%,81%,87%,90%,86%,83%,82%,86%,68%,84%,87%,%,,
,Effet de la présence des personnes retournées sur la sécurité (% répondants),Effets négatifs,23%,40%,10%,17%,15%,6%,22%,17%,18%,7%,30%,7%,21%,18%,%,,
,,Pas d'effets,58%,55%,51%,77%,57%,57%,47%,60%,49%,45%,55%,41%,54%,55%,%,,
,,Effets positifs,18%,5%,38%,7%,27%,36%,31%,23%,33%,48%,15%,52%,26%,28%,%,,
,Effet de la présence des personnes retournées sur les prix de la nourriture au marché (% répondants),Effets négatifs,15%,44%,11%,16%,17%,8%,34%,32%,22%,9%,55%,59%,19%,20%,%,,
,,Pas d'effets,44%,49%,55%,83%,54%,33%,44%,58%,45%,24%,22%,20%,45%,46%,%,,
,,Effets positifs,41%,8%,34%,1%,29%,59%,22%,10%,33%,67%,23%,21%,36%,34%,%,,
,"Effet de la présence des personnes retournées sur les conditions de vie en général (logement, accès à la terre, …) (% répondants)",Effets négatifs,22%,49%,6%,18%,7%,14%,26%,24%,23%,3%,32%,53%,24%,20%,%,,
,,Pas d'effets,54%,43%,59%,80%,77%,49%,53%,54%,47%,48%,54%,16%,46%,53%,%,,
,,Effets positifs,24%,8%,34%,1%,16%,37%,22%,22%,30%,49%,14%,31%,30%,27%,%,,
,"Perception des expériences de rencontres avec des personnes retournées qui auraient fait du tord, à la personne, un membre de la famille ou de la communauté",Bon et très bon,61%,45%,38%,18%,38%,58%,38%,71%,70%,25%,42%,10%,54%,46%,%,,
,"Organisations qui préparent le retour des personnes déplacées ou réfugiées dans la communauté, si oui, qui (% répondants - réponses multiples)","Non, personne",25%,53%,64%,47%,86%,80%,61%,53%,30%,37%,35%,94%,26%,50%,%,,
,,"Oui, HCR",46%,11%,18%,45%,4%,11%,24%,24%,55%,32%,40%,0%,54%,31%,%,,
,,"Oui, autre organisation internationale",40%,3%,12%,11%,3%,7%,27%,27%,34%,34%,48%,0%,39%,23%,%,,
,,"Oui, autorités locales en RCA",26%,2%,9%,6%,4%,6%,24%,1%,7%,30%,22%,1%,23%,15%,%,,
,,"Oui, ma famille, des parents",16%,38%,1%,9%,3%,6%,20%,9%,59%,32%,36%,10%,18%,17%,%,,
,,Autre,2%,0%,2%,1%,9%,0%,5%,10%,0%,3%,16%,0%,5%,3%,%,,
,,Ne sait pas,3%,0%,0%,0%,0%,1%,0%,1%,0%,28%,1%,1%,2%,3%,%,,
,Présence de personnes retournées dans votre village/ quartier,oui,79%,44%,45%,51%,18%,68%,69%,88%,73%,82%,81%,28%,78%,65%,%,,
JUSTICE,La justice peut être faite dans le quartier/ village,oui,77%,95%,93%,95%,79%,79%,68%,74%,75%,89%,47%,76%,75%,81%,%,,
,Perception du système de justice national (% répondants - réponses multiples),Ça n’existe pas / impunité,4%,0%,8%,2%,0%,0%,0%,5%,14%,2%,34%,2%,7%,4%,%,,
,,Ils sont corrompus,24%,3%,27%,32%,13%,69%,45%,46%,15%,16%,56%,10%,29%,32%,%,,
,,Il faut payer,21%,6%,13%,47%,6%,58%,46%,22%,41%,10%,43%,18%,21%,28%,%,,
,,C’est la justice des riches,23%,5%,21%,32%,16%,67%,39%,23%,16%,7%,32%,6%,24%,28%,%,,
,,"Ça fonctionne bien; il y a des bâtiments, juges, personnel….",45%,59%,25%,53%,48%,5%,31%,40%,33%,65%,16%,28%,48%,38%,%,,
,,La justice est rendue comme elle le devrait,45%,44%,49%,36%,51%,38%,37%,36%,43%,18%,28%,63%,44%,40%,%,,
,,Je ne connais pas assez pour avoir une opinion,7%,11%,8%,2%,10%,14%,10%,4%,19%,5%,3%,15%,5%,8%,%,,
,,Autre,2%,0%,1%,1%,6%,0%,0%,1%,6%,1%,0%,0%,3%,1%,%,,
,,[Sans réponse],0%,0%,0%,0%,0%,0%,0%,0%,0%,0%,0%,0%,0%,0%,%,,
,Mesures pour améliorer le système de justice (% répondants - réponses multiples),C’est impossible d’améliorer,3%,1%,1%,8%,0%,2%,0%,5%,1%,1%,3%,4%,3%,2%,%,,
,,"Former les juges, avocats,...",44%,62%,23%,48%,41%,52%,62%,58%,69%,57%,27%,62%,48%,50%,%,,
,,Combattre la corruption,73%,54%,75%,59%,54%,79%,77%,82%,69%,64%,53%,56%,71%,70%,%,,
,,Construire les infrastructures,40%,23%,36%,35%,15%,8%,42%,20%,74%,36%,33%,89%,33%,33%,%,,
,,Informer la population,38%,25%,29%,57%,18%,61%,80%,12%,69%,26%,21%,78%,34%,44%,%,,
,,"Payer le personnel, juges, ...",30%,23%,45%,47%,52%,26%,46%,5%,35%,18%,18%,47%,28%,32%,%,,
,,Sanctionner les juges,21%,21%,23%,38%,19%,15%,25%,25%,19%,6%,9%,34%,24%,21%,%,,
,,Autre,6%,1%,1%,1%,11%,0%,0%,4%,19%,1%,34%,0%,7%,4%,%,,
,,Ne sait pas,0%,0%,1%,1%,0%,0%,0%,4%,0%,3%,0%,0%,0%,1%,%,,
,,[Sans réponse],0%,0%,0%,0%,0%,0%,0%,0%,0%,0%,0%,0%,0%,0%,%,,
,Déjà eu recours aux tribunaux,oui,58%,35%,47%,52%,34%,55%,72%,17%,23%,40%,32%,25%,50%,49%,%,,
,Connaissance du système judiciaire national,% bonne et très bonne,66%,45%,58%,62%,28%,52%,69%,34%,24%,56%,51%,11%,61%,55%,%,,
,Confiance dans le système judiciaire formel,% confiant,54%,58%,60%,37%,73%,44%,49%,48%,12%,65%,78%,13%,47%,50%,%,,
,"Confiance dans la justice locale traditionelle (chefs de village, mairie, etc…)",% confiant,54%,83%,66%,82%,66%,50%,41%,51%,25%,51%,40%,41%,40%,54%,%,,
,"Confiance dans la justice alternative (mediation) (chefs religieux, associations, etc…)",% confiant,70%,94%,71%,80%,80%,66%,62%,84%,58%,82%,78%,55%,61%,71%,%,,
,Raisons de la confiance dans le système judiciare formel (% répondants - réponses multiples),Je n'ai pas confiance dans le système de justice national,16%,4%,12%,15%,5%,13%,2%,21%,6%,6%,3%,6%,17%,11%,%,,
,,Les juges et le personnel sont bien formés,46%,50%,27%,50%,31%,55%,49%,41%,67%,52%,64%,65%,49%,47%,%,,
,,Les juges traitent tous les gens de façon juste et égale,46%,36%,30%,47%,36%,63%,60%,40%,64%,59%,68%,61%,45%,49%,%,,
,,Décisions au tribunal sont prises de façon juste,41%,25%,41%,20%,27%,53%,66%,11%,71%,43%,58%,44%,42%,43%,%,,
,,Il est toujours possible d'avoir son cas jugé au tribunal,30%,14%,28%,16%,17%,21%,2%,8%,66%,11%,32%,11%,28%,21%,%,,
,,J'ai confiance que nous aurons un tribunal un jour,12%,14%,4%,20%,12%,10%,1%,1%,41%,14%,19%,18%,14%,12%,%,,
,,J'ai confiance que nous aurons des juges un jour,10%,9%,2%,20%,9%,11%,2%,1%,27%,7%,17%,17%,13%,10%,%,,
,,Les problèmes sont traités par rapport au droit,36%,35%,40%,39%,29%,17%,38%,30%,54%,13%,38%,35%,27%,31%,%,,
,,Autre,5%,1%,1%,3%,6%,1%,1%,5%,3%,1%,0%,0%,5%,2%,%,,
,,Ne sait pas,0%,0%,0%,0%,0%,0%,0%,4%,0%,0%,0%,0%,0%,0%,%,,
,,[Sans réponse],0%,0%,0%,0%,0%,0%,0%,0%,0%,0%,0%,0%,0%,0%,%,,
,Perception du système de justice national incluant les forces de sécurité (% d'accord),Les victimes de crimes par la police ont la possibilité de se plaindre,95%,98%,94%,98%,98%,98%,96%,95%,96%,95%,66%,99%,94%,96%,%,,
,,Les policiers sont impunis,34%,46%,37%,17%,24%,6%,16%,11%,27%,41%,20%,58%,44%,30%,%,,
,,Il est possible d’éviter d’être arrêté si on paie la police,38%,7%,51%,32%,72%,54%,54%,16%,71%,12%,39%,43%,40%,40%,%,,
,,La police traite tous les groupes ethniques de la même façon,74%,96%,79%,61%,77%,97%,86%,89%,86%,94%,93%,87%,68%,82%,%,,
,,Il faut payer un pot de vin pour que la police travaille sur une plainte,28%,7%,38%,11%,32%,9%,18%,17%,50%,14%,14%,25%,31%,22%,%,,
,,Les juges prennent leurs décisions sans influence du gouvernement.,66%,71%,78%,69%,86%,100%,68%,59%,73%,60%,66%,90%,70%,74%,%,,
,,Les tribunaux traitent les gens de façon juste et égale,76%,95%,72%,69%,87%,100%,78%,96%,91%,95%,93%,89%,74%,83%,%,,
,,Les décisions du tribunal sont prises d’une façon juste,79%,97%,72%,68%,87%,99%,82%,99%,88%,95%,95%,93%,77%,84%,%,,
,,Il faut payer quelque chose pour avoir sa plainte traitée par les courts,24%,9%,34%,14%,24%,14%,18%,21%,50%,18%,10%,44%,29%,23%,%,,
,,Les victimes et témoins de crimes peuvent porter plainte à la police sans peur de représailles,87%,90%,92%,98%,89%,99%,97%,96%,98%,91%,96%,93%,84%,92%,%,,
,,La police traite les hommes et les femmes de façon égale,65%,98%,80%,63%,73%,93%,88%,71%,93%,82%,94%,75%,67%,79%,%,,
,,Les juges traitent les hommes et les femmes de façon égale,74%,97%,87%,95%,78%,97%,96%,75%,96%,83%,95%,80%,74%,86%,%,,
,,J'ai dû payer ou été sollicité pour payer des motivations (corruption) par un représentant de l'État dans les 12 derniers mois,25%,4%,32%,22%,9%,18%,28%,16%,45%,5%,21%,12%,29%,22%,%,,
PAIX,Options pour rétablir la paix avec les groupes armés en RCA (% répondants - réponses multiples),Les désarmer,74%,84%,72%,91%,55%,79%,93%,91%,97%,84%,87%,91%,79%,82%,%,,
,,Les éliminer par la force,41%,20%,35%,31%,20%,69%,40%,28%,78%,26%,29%,3%,38%,39%,%,,
,,Entamer un dialogue/ négocier,26%,31%,36%,28%,17%,45%,42%,11%,23%,12%,47%,63%,30%,31%,%,,
,,Les laisser former leur parti politique,6%,3%,0%,3%,1%,0%,1%,0%,11%,1%,0%,46%,4%,3%,,,
,,Les punir en justice,56%,41%,57%,80%,54%,77%,58%,70%,72%,47%,61%,50%,60%,61%,,,
,,Les intégrer à la police/ armée,11%,9%,8%,4%,17%,14%,5%,8%,7%,8%,35%,88%,13%,11%,,,
,,Autre,4%,3%,2%,1%,14%,1%,2%,3%,9%,8%,8%,0%,6%,4%,,,
,Actions pour une paix durable en RCA (% répondants - réponses multiples),"Rien, la paix ne peut pas revenir",0%,0%,0%,1%,0%,0%,1%,1%,1%,1%,0%,0%,1%,1%,,,
,,Juger les responsables des crimes,58%,55%,55%,87%,40%,62%,59%,29%,81%,32%,47%,55%,60%,57%,,,
,,Mettre en prison les responsables des crimes,56%,56%,44%,80%,55%,68%,48%,33%,75%,32%,55%,50%,58%,55%,,,
,,Assurer la sécurité partout dans le pays,47%,48%,39%,47%,29%,62%,69%,14%,81%,58%,56%,58%,41%,50%,,,
,,DDR,73%,71%,82%,92%,46%,74%,89%,88%,98%,72%,84%,66%,79%,79%,,,
,,Développer le pays,32%,39%,30%,13%,3%,52%,32%,9%,63%,73%,55%,82%,29%,37%,,,
,,Assurer de l'emploi à tous,28%,50%,40%,10%,18%,23%,25%,31%,79%,69%,56%,81%,24%,34%,,,
,,Construire des routes,21%,37%,14%,8%,2%,5%,21%,22%,84%,59%,28%,81%,17%,24%,,,
,,Mettre en place des dialogues entre les différents groupes ethniques/ religieux,37%,37%,32%,21%,6%,30%,54%,12%,65%,23%,39%,58%,31%,33%,,,
,,Eduquer la nouvelle génération,25%,36%,19%,23%,0%,0%,31%,20%,52%,32%,25%,78%,26%,24%,,,
,,Construire un État de droit,24%,44%,8%,9%,5%,5%,18%,10%,65%,45%,20%,75%,21%,22%,,,
,,Assurer la présence de l'État partout dans le pays,32%,51%,24%,14%,16%,33%,19%,25%,81%,50%,63%,73%,26%,32%,,,
,,Autre,4%,1%,2%,1%,13%,1%,2%,5%,3%,4%,0%,0%,6%,3%,,,
,,Ne sait pas,0%,0%,0%,0%,0%,0%,0%,0%,0%,1%,0%,0%,0%,0%,,,
,Contribution des organisations nommées au retour de la paix en RCA (% beaucoup et extrèmement),Le gouvernement centrafricain,65%,84%,79%,86%,84%,86%,64%,56%,56%,76%,73%,33%,60%,72%,,,
,,L'Union Africaine,29%,74%,44%,34%,54%,50%,56%,51%,46%,49%,43%,20%,25%,44%,,,
,,Les Nations Unies,33%,73%,50%,41%,51%,58%,63%,56%,42%,46%,53%,18%,33%,48%,,,
,Contribution des organisations nommées à la reconciliation entre centrafricains (% beaucoup et extrèmement),Le gouvernement centrafricain,62%,87%,84%,88%,81%,80%,69%,59%,54%,84%,64%,34%,60%,73%,,,
,,L'Union Africaine,26%,71%,38%,31%,46%,47%,63%,56%,46%,54%,42%,21%,26%,43%,,,
,,Les Nations Unies,33%,71%,38%,43%,55%,58%,59%,59%,45%,46%,52%,19%,31%,46%,,,
JUSTICE TRANSITIONNELLE,Options pour l'amnistie en lien avec les conflits armés (% repondants - une seule reponse),Donner l'amnistie à tout le monde,11%,8%,3%,2%,11%,15%,2%,11%,23%,64%,41%,35%,12%,15%,,,
,,"Donner l'amnistie à tout le monde, sauf les grands chefs responsables",19%,28%,1%,10%,7%,2%,2%,35%,12%,5%,11%,19%,17%,11%,,,
,,Donner l'amnistie seulement à ceux qui n'ont pas commis des crimes sérieux,12%,36%,9%,10%,17%,2%,13%,9%,20%,2%,16%,36%,18%,13%,,,
,,Ne donner l'amnistie à personne,57%,28%,87%,78%,64%,81%,83%,45%,45%,30%,32%,10%,52%,61%,,,
,,[Sans réponse],0%,0%,0%,0%,0%,0%,0%,0%,0%,0%,0%,0%,0%,0%,,,
,Entendu parler de la Cour Pénale Spéciale (CPS),Oui,78%,32%,84%,91%,44%,39%,79%,55%,48%,25%,58%,30%,80%,63%,,,
,Principale source d'information sur la CPS (% répondants - parmi répondants qui ont entendu parler),Un parent,10%,21%,10%,8%,5%,23%,8%,12%,3%,10%,9%,14%,7%,10%,,,
,,Un ami,4%,7%,2%,4%,5%,5%,3%,33%,6%,1%,8%,19%,3%,5%,,,
,,Au marché,2%,0%,1%,1%,0%,1%,6%,1%,1%,0%,3%,12%,1%,2%,,,
,,La radio,72%,67%,70%,83%,57%,67%,69%,53%,86%,81%,76%,53%,80%,73%,,,
,,Les journeaux,2%,0%,0%,0%,1%,0%,1%,0%,1%,0%,2%,0%,3%,1%,,,
,,Une organisation locale,4%,1%,8%,1%,0%,1%,11%,0%,0%,0%,1%,2%,0%,4%,,,
,,Une organisation internationale,0%,0%,7%,0%,1%,1%,0%,0%,0%,0%,1%,0%,1%,1%,,,
,,La TV,1%,0%,0%,0%,6%,0%,0%,0%,0%,0%,0%,0%,1%,1%,,,
,,Des gens de la Cour Spéciale,2%,0%,1%,0%,0%,1%,0%,0%,1%,6%,0%,0%,3%,1%,,,
,,Autre,1%,4%,0%,2%,24%,0%,1%,1%,2%,1%,0%,0%,1%,2%,,,
,,Ne sait pas,0%,0%,0%,0%,0%,0%,0%,0%,0%,0%,0%,0%,0%,0%,,,
,Écouté ou participé à une activité de sensibilisation sur la CPS,Oui,49%,7%,41%,53%,4%,16%,69%,22%,81%,26%,51%,0%,49%,39%,,,
,Types d'activités auxquelles les gens ont participé (% répondants - parmi les répondants qui ont écouté ou participé),Emission d'information à la radio,79%,62%,58%,94%,33%,59%,74%,75%,83%,87%,89%,100%,80%,77%,,,
,,Atelier de formation,23%,6%,13%,24%,22%,11%,4%,4%,2%,7%,7%,0%,22%,14%,,,
,,Théatre,29%,6%,2%,50%,0%,19%,0%,17%,0%,4%,4%,0%,20%,15%,,,
,,Focus groupe,7%,0%,1%,5%,0%,0%,0%,0%,1%,3%,0%,0%,9%,4%,,,
,,Réunions de leaders communautaires,22%,19%,2%,10%,0%,11%,46%,17%,10%,12%,2%,0%,16%,19%,,,
,,Réunion animée par des leaders communautaires,18%,0%,1%,7%,22%,8%,43%,15%,11%,13%,2%,0%,7%,16%,,,
,,Réunion animée par une organisation locale,14%,0%,13%,3%,11%,0%,49%,16%,19%,12%,2%,0%,10%,18%,,,
,,Réunion animée par des leaders religieux,23%,6%,1%,4%,0%,8%,26%,7%,39%,1%,1%,0%,11%,15%,,,
,,Emissions à la radio communautaire,29%,6%,22%,66%,56%,14%,51%,14%,28%,13%,25%,0%,21%,32%,,,
,,Témoignages de victimes,34%,6%,0%,8%,0%,11%,33%,17%,57%,12%,2%,0%,35%,25%,,,
,,Autre,0%,6%,0%,0%,11%,0%,1%,1%,1%,2%,1%,0%,3%,1%,,,
,,Ne sait pas,0%,0%,0%,1%,0%,0%,0%,0%,1%,0%,0%,0%,0%,0%,,,
,,[Sans réponse],0%,0%,0%,0%,0%,0%,0%,0%,0%,0%,0%,0%,0%,0%,,,
,Satisfaction de l'activité,Oui,95%,94%,95%,97%,100%,95%,97%,96%,98%,95%,99%,100%,94%,96%,,,
,Connaissance de la Cour Pénale Spéciale,% bonne et très bonne,66%,49%,58%,32%,32%,22%,80%,35%,16%,24%,41%,5%,60%,47%,,,
,Niveau de confiance dans la Cour Pénale Spéciale,% confiant,55%,76%,73%,40%,84%,17%,69%,49%,19%,57%,72%,2%,55%,53%,,,
,Contribution de la CPS à la justice pour les Centrafricains,% Contribution positive,47%,84%,83%,47%,72%,17%,70%,46%,15%,36%,53%,6%,47%,51%,,,
,Contribution de la CPS à la paix en Centrafrique,% Contribution positive,50%,88%,85%,49%,75%,21%,60%,47%,34%,62%,50%,4%,49%,54%,,,
,Neutralité de la CPS,Oui,81%,54%,81%,85%,98%,45%,84%,91%,55%,57%,88%,60%,78%,72%,,,
,Investir dans la CPS ou le développement (% répondants),Dans la cour pénale spéciale,40%,24%,60%,41%,46%,23%,26%,37%,50%,7%,58%,20%,38%,34%,,,
,,Dans le développement,60%,75%,40%,58%,54%,71%,74%,63%,36%,93%,39%,79%,61%,64%,,,
,,Ne sait pas,0%,1%,0%,0%,0%,5%,0%,0%,14%,1%,3%,1%,1%,2%,,,
,,[Sans réponse],0%,0%,0%,1%,0%,1%,0%,0%,0%,0%,0%,0%,0%,0%,,,
,Le plus important est de s'occuper des problemes que les Centrafricains vivent tous les jours ou s'occuper des crimes commis depuis 2003 (% répondants),Problèmes des centrafricains aujourd'hui,45%,63%,34%,51%,52%,70%,25%,33%,50%,45%,60%,16%,44%,46%,,,
,,Crimes commis depuis 2003,55%,37%,66%,48%,48%,24%,75%,66%,35%,54%,38%,75%,56%,52%,,,
,,Ne sait pas,0%,0%,0%,0%,0%,6%,0%,1%,14%,0%,3%,10%,1%,2%,,,
,,[Sans réponse],0%,0%,0%,0%,0%,0%,0%,0%,0%,0%,0%,0%,0%,0%,,,
,Actions de la Cour Pénale Spéciale pour les individus (% des répondants - réponses multiples),Rien,3%,3%,0%,1%,0%,5%,0%,3%,10%,2%,5%,2%,3%,3%,,,
,,Justice - juger les personnes responsables (les chefs) des conflits,55%,77%,25%,83%,34%,55%,59%,17%,66%,22%,47%,69%,57%,52%,,,
,,Justice - mettre les personnes responsables (les chefs) des conflits en prison,65%,82%,27%,90%,26%,55%,59%,37%,77%,25%,56%,58%,70%,57%,,,
,,Justice - juger toutes les personnes qui ont commis des crimes en lien avec les conflits,67%,63%,64%,67%,36%,52%,87%,52%,73%,27%,63%,63%,67%,62%,,,
,,Justice - mettre toutes les personnes qui ont commis des crimes en lien avec les conflits en prison,59%,56%,50%,61%,51%,70%,78%,50%,76%,22%,67%,29%,55%,57%,,,
,,Reconnaître officiellement que je suis une victime des conflits,23%,11%,2%,8%,0%,10%,10%,5%,69%,25%,14%,9%,18%,15%,,,
,,Donner un récit de ce s'est passé pendant les conflits - récit historique,22%,4%,7%,9%,0%,0%,2%,1%,56%,13%,3%,4%,18%,11%,,,
,,Expliquer pourquoi il y a des conflits en RCA,31%,21%,17%,36%,2%,15%,9%,3%,56%,30%,4%,2%,30%,22%,,,
,,Rétablir la paix dans le pays,45%,6%,61%,54%,43%,31%,27%,5%,51%,54%,27%,44%,43%,40%,,,
,,"Me rendre ce que j'ai perdu pendant les conflits (maison, terre, biens)",14%,4%,5%,22%,0%,5%,3%,18%,23%,7%,8%,4%,12%,9%,,,
,,"Me fournir des services (santé, santé mentale, éducation)",12%,10%,2%,4%,10%,1%,10%,8%,23%,43%,22%,36%,12%,12%,,,
,,Me donner de l'argent,11%,0%,0%,2%,6%,0%,2%,10%,17%,2%,1%,1%,6%,4%,,,
,,Me donner une autre compensation pour mes souffrances,11%,3%,1%,4%,0%,0%,5%,18%,27%,8%,7%,2%,7%,6%,,,
,,Donner une compensation à ma communauté,12%,0%,2%,3%,1%,0%,4%,7%,31%,24%,6%,5%,8%,7%,,,
,,Autre,2%,0%,0%,1%,17%,3%,0%,1%,4%,3%,4%,0%,3%,2%,,,
,,Ne sait pas,0%,0%,0%,0%,0%,3%,0%,1%,9%,0%,0%,0%,1%,1%,,,
,,[Sans réponse],0%,0%,0%,0%,0%,0%,0%,0%,0%,0%,0%,0%,0%,0%,,,
,Actions de la Cour Pénale Spéciale pour la Centrafrique (% des répondants - réponses multiples),Rien,2%,0%,1%,1%,0%,6%,0%,5%,6%,2%,4%,1%,2%,2%,,,
,,Rendre justice pour les violences commises,70%,79%,90%,91%,59%,56%,77%,74%,54%,48%,63%,60%,66%,70%,,,
,,Rétablir la sécurité,63%,69%,50%,76%,44%,54%,76%,37%,80%,74%,77%,76%,68%,65%,,,
,,Rétablir la paix dans le pays,62%,63%,66%,87%,67%,55%,64%,23%,80%,79%,66%,83%,65%,65%,,,
,,Faire que les communautés vivent ensemble,49%,26%,43%,27%,27%,18%,60%,27%,67%,41%,53%,59%,40%,39%,,,
,,"Rétablir la confiance dans le pays, la RCA",48%,45%,35%,34%,17%,54%,53%,31%,79%,57%,25%,69%,47%,47%,,,
,,Autre,2%,0%,0%,1%,6%,1%,0%,1%,4%,2%,2%,0%,3%,1%,,,
,,Ne sait pas,1%,0%,0%,0%,0%,3%,0%,1%,9%,0%,0%,0%,0%,1%,,,
,,[Sans réponse],0%,0%,0%,0%,0%,1%,0%,0%,0%,0%,0%,0%,0%,0%,,,
,Prêts à collaborer avec la CPS pour faciliter son travail,Oui,88%,99%,95%,94%,97%,53%,83%,94%,63%,88%,92%,80%,88%,85%,,,
,Entendu parler de la Cour Pénale Internationale ou CPI,Oui,82%,41%,90%,97%,33%,33%,69%,61%,87%,41%,62%,33%,88%,67%,,,
,Connaissance de la Cour Pénale Internationale,% bonne et très bonne,46%,30%,62%,28%,17%,16%,77%,40%,12%,30%,29%,3%,48%,40%,,,
,Niveau de confiance dans la Cour Pénale Internationale,% confiant,31%,40%,48%,31%,38%,13%,61%,46%,15%,46%,33%,5%,32%,36%,,,
,Contribution de la Cour Pénale Internationale à la justice pour les Centrafricains?,% Contribution positive,24%,55%,61%,47%,33%,13%,69%,48%,17%,40%,22%,5%,33%,39%,,,
,Contribution de la Cour Pénale Internationale à la paix en Centrafrique?,% Contribution positive,30%,53%,60%,43%,41%,15%,63%,48%,27%,57%,23%,4%,34%,41%,,,
,D'accord ou pas avec l'arrestation de Rambo,D'accord,86%,76%,88%,87%,85%,61%,79%,69%,84%,79%,83%,87%,88%,80%,,,
,,Pas d'accord,14%,23%,12%,12%,15%,24%,21%,30%,9%,20%,15%,11%,12%,17%,,,
,,Ne sait pas,0%,1%,0%,1%,0%,14%,0%,1%,6%,1%,1%,2%,0%,2%,,,
,"D'accord ou pas pour que Rambo soit jugé, hors de la RCA (à la CPI)",D'accord,43%,32%,54%,32%,64%,27%,35%,31%,25%,48%,68%,71%,45%,41%,,,
,,Pas d'accord,57%,68%,46%,68%,36%,65%,65%,67%,67%,51%,31%,28%,55%,58%,,,
,,Ne sait pas,0%,0%,0%,0%,0%,6%,0%,1%,7%,0%,1%,1%,0%,1%,,,