Catégories,Variables,Réponses,Zone 9,Zone 10,Zone 11,Zone 12,1er,2ème,3ème,4ème,5ème,6ème,7ème,8ème,Unit,Source,Source Link
CARACTÉRISTIQUES DÉMOGRAPHIQUES,Sexe,Homme,50%,50%,50%,50%,49%,49%,51%,50%,50%,50%,50%,50%,%,Vinck/Pham - HHI/UNDP 2018,/car
,,Femme,50%,50%,50%,50%,51%,51%,49%,50%,50%,50%,50%,50%,%,,
,Statut matrimonial,"Célibataire, jamais marié",59%,60%,36%,33%,56%,74%,10%,43%,41%,62%,62%,36%,%,,
,,Divorcé/ séparé,6%,3%,4%,1%,4%,6%,10%,2%,3%,5%,3%,7%,%,,
,,Veuf/ veuve,5%,7%,7%,5%,9%,4%,15%,6%,5%,5%,8%,6%,%,,
,,Marié/ vit maritalement (union libre) - un seul partenaire,29%,29%,52%,58%,26%,16%,59%,48%,50%,28%,25%,50%,%,,
,,Marié/ vit maritalement (union libre) - plusieurs partenaires,0%,1%,1%,1%,1%,0%,7%,0%,0%,0%,2%,0%,%,,
,,Refus de répondre,0%,0%,1%,1%,3%,0%,0%,1%,0%,0%,0%,0%,%,,
,Niveau d'éducation,N’a pas fréquenté l’école,1%,9%,5%,2%,1%,4%,3%,1%,2%,2%,4%,5%,%,,
,,N’a pas terminé l’école primaire,5%,14%,5%,9%,1%,5%,13%,5%,7%,2%,11%,5%,%,,
,,Ecole primaire /CEP,13%,25%,17%,17%,6%,14%,13%,17%,18%,16%,22%,19%,%,,
,,Ecole professionnelle / Apprentissage /BTS ou CAP,9%,2%,6%,7%,11%,9%,3%,11%,9%,10%,5%,5%,%,,
,,Collège /BEPC,23%,30%,31%,29%,13%,22%,21%,27%,27%,26%,28%,28%,%,,
,,Lycée BAC à lauréat,30%,17%,22%,20%,26%,25%,13%,24%,19%,24%,19%,22%,%,,
,,"Université (licence, master ou doctorat)",18%,4%,14%,15%,41%,21%,7%,14%,18%,19%,11%,16%,%,,
,,Alphabetisation fonctionnelle,1%,0%,0%,0%,1%,0%,2%,0%,0%,1%,0%,0%,%,,
,,Ecole coranique (musulmane),0%,0%,0%,0%,0%,0%,25%,0%,0%,0%,0%,0%,%,,
,Statut de personne déplacée,Oui,23%,19%,41%,36%,12%,34%,26%,32%,38%,29%,20%,40%,%,,
,Statut professionnel,Je travaille,37%,42%,37%,36%,37%,35%,46%,32%,41%,33%,36%,35%,%,,
,,Je cherche du travail (sans emploi),8%,5%,7%,5%,20%,8%,10%,10%,5%,11%,7%,6%,%,,
,,Je m’occupe du ménage/suis au foyer,17%,33%,31%,30%,10%,23%,30%,26%,31%,24%,28%,30%,%,,
,,"Je suis retraité, invalide",7%,5%,5%,5%,8%,5%,5%,4%,3%,5%,5%,5%,%,,
,,Je suis en formation,20%,8%,15%,18%,23%,14%,8%,21%,14%,16%,14%,16%,%,,
,,Je refais une formation,3%,0%,0%,1%,0%,4%,2%,1%,0%,2%,1%,0%,%,,
,,ne sait pas,0%,0%,0%,0%,0%,0%,0%,0%,0%,0%,0%,0%,%,,
,,"Autre, spécifier",8%,7%,5%,6%,1%,12%,0%,6%,6%,9%,10%,7%,%,,
,Profession,"Profession libérale (médecin, avocat, etc.)",1%,0%,1%,1%,3%,0%,0%,1%,0%,0%,1%,1%,%,,
,,"Industriel, patron d'entreprise",2%,0%,2%,0%,3%,1%,3%,1%,1%,1%,0%,0%,%,,
,,"Indépendant, artisan, commerçant",19%,29%,23%,24%,20%,22%,25%,24%,26%,19%,27%,23%,%,,
,,"Agriculteur, éleveur, pécheur",6%,19%,8%,5%,0%,1%,10%,1%,2%,2%,12%,3%,%,,
,,Fonctionnaire,13%,5%,11%,13%,16%,12%,5%,10%,13%,13%,7%,11%,%,,
,,Ouvrier,5%,5%,6%,8%,1%,1%,11%,5%,8%,3%,3%,10%,%,,
,,Employé dans le secteur privé,10%,4%,10%,7%,15%,10%,7%,11%,15%,9%,6%,10%,%,,
,,En formation,14%,4%,15%,20%,13%,20%,7%,23%,14%,17%,12%,16%,%,,
,,Femme au foyer,8%,19%,14%,13%,8%,13%,33%,14%,12%,14%,13%,17%,%,,
,,Pas de profession/jamais travaillé,17%,9%,6%,5%,20%,6%,0%,4%,5%,15%,14%,1%,%,,
,,"Autre, spécifier",6%,6%,4%,4%,2%,13%,0%,5%,4%,8%,5%,6%,%,,
,,ne sait pas,0%,0%,0%,0%,0%,0%,0%,0%,0%,0%,0%,0%,%,,
,,[Sans réponse],0%,0%,0%,0%,0%,0%,0%,0%,0%,0%,0%,0%,%,,
,Biens (% possédant le bien),Table,90%,81%,79%,88%,95%,82%,43%,77%,85%,88%,81%,84%,%,,
,,Chaises,85%,76%,59%,68%,93%,80%,38%,62%,61%,86%,72%,65%,%,,
,,Lit,93%,82%,85%,93%,100%,93%,56%,91%,86%,95%,89%,82%,%,,
,,Radio fonctionnelle,84%,69%,69%,83%,93%,75%,70%,72%,75%,83%,69%,63%,%,,
,,Lecteur de CD,43%,19%,22%,28%,86%,39%,30%,36%,33%,40%,32%,30%,%,,
,,Télévision,54%,18%,30%,33%,93%,52%,34%,50%,41%,47%,36%,35%,%,,
,,Vélo,20%,13%,20%,24%,25%,13%,18%,25%,15%,15%,16%,20%,%,,
,,Autre véhicule,23%,7%,12%,15%,40%,14%,15%,13%,11%,17%,13%,13%,%,,
,,Téléphone portable,88%,73%,81%,89%,100%,88%,77%,87%,86%,90%,82%,81%,%,,
,,Accès à l’électricité,73%,38%,40%,48%,97%,73%,70%,71%,59%,72%,59%,53%,%,,
,Revenu moyen mensuel du ménage (FCFA),Aucun (0),3%,6%,0%,0%,7%,0%,3%,0%,0%,3%,5%,0%,%,,
,,< 10 000 / mois,2%,6%,1%,2%,0%,1%,8%,0%,2%,4%,3%,5%,%,,
,,10 001 - 20 000 / mois,5%,12%,7%,5%,2%,6%,18%,3%,5%,8%,7%,8%,%,,
,,20 001 - 30 000 / mois,9%,14%,9%,10%,2%,13%,31%,8%,9%,12%,14%,10%,%,,
,,30 001 - 40 000 / mois,20%,25%,26%,20%,4%,14%,25%,22%,22%,19%,21%,20%,%,,
,,40 001 - 100 000 / mois,39%,29%,45%,45%,34%,39%,10%,55%,47%,37%,39%,42%,%,,
,,100 001 - 200 000 / mois,16%,4%,10%,16%,37%,21%,3%,10%,13%,15%,11%,12%,%,,
,,200 001 - 400 000 / mois,5%,0%,1%,1%,12%,5%,0%,1%,2%,2%,0%,3%,%,,
,,>400 000 / mois,0%,0%,0%,0%,1%,0%,2%,0%,0%,0%,0%,0%,%,,
,,ne sait pas,1%,3%,0%,0%,0%,0%,0%,0%,0%,0%,0%,0%,%,,
COHÉSION SOCIALE,Relations avec les personnes ou groupes suivants (% relations positives),"Vos parents, enfants, époux(se)",88%,88%,79%,81%,88%,80%,97%,81%,80%,88%,85%,77%,%,,
,,Vos voisins,79%,82%,62%,69%,73%,78%,75%,63%,60%,79%,82%,67%,%,,
,,Personnes de votre quartier/ village,70%,86%,60%,66%,70%,67%,66%,57%,62%,76%,78%,64%,%,,
,,Les membres de votre groupe ethnique,79%,87%,73%,76%,77%,77%,89%,75%,73%,85%,86%,80%,%,,
,,Les membres d'autres groupes ethniques,65%,64%,41%,41%,64%,56%,72%,40%,38%,65%,68%,46%,%,,
,,Les membres de votre religion,79%,81%,73%,65%,82%,79%,95%,74%,69%,86%,87%,77%,%,,
,,Les membres d'autres religions (chrétiens et musulmans),60%,58%,39%,37%,64%,50%,54%,38%,36%,60%,66%,47%,%,,
,Support par quelqu'un qui n'est pas un membre de la famille pour faire les actions suivantes avec vous (% oui):,Veiller sur vos biens pendant votre absence,64%,62%,78%,72%,47%,71%,57%,85%,81%,63%,63%,76%,%,,
,,Partager leurs opinions sur les conflits avec vous,80%,84%,77%,73%,76%,78%,67%,85%,81%,77%,76%,81%,%,,
,,Vous aider à faire votre travail,65%,65%,64%,66%,63%,74%,67%,75%,70%,62%,63%,69%,%,,
,,Partager avec vous des informations sur l'actualité,85%,85%,81%,77%,86%,74%,64%,86%,81%,79%,83%,87%,%,,
,,Vous aider si vous avez besoin d'argent (comme un prêt/ crédit),50%,48%,44%,34%,48%,57%,56%,50%,40%,52%,58%,48%,%,,
,,Vous aider à résoudre des conflits,63%,65%,70%,68%,56%,70%,74%,79%,72%,69%,63%,68%,%,,
,,Vous aider si vous étiez malade,73%,68%,71%,76%,66%,72%,75%,81%,76%,68%,73%,71%,%,,
,,"Quelqu'un qui fait des blagues, qui rit avec vous",77%,78%,76%,82%,80%,67%,67%,82%,78%,73%,79%,84%,%,,
,Support par les personnes ou groupes suivants pour vous aider en cas de besoin (% support positif):,Des voisins,44%,55%,32%,39%,44%,48%,56%,40%,35%,56%,59%,33%,%,,
,,Un membre de votre groupe ethnique,63%,64%,41%,52%,38%,61%,75%,50%,45%,62%,63%,42%,%,,
,,Quelqu'un d'un autre groupe ethnique,36%,37%,16%,24%,32%,35%,51%,15%,16%,33%,43%,15%,%,,
,,Quelqu'un de votre religion,58%,63%,50%,49%,50%,62%,90%,57%,48%,59%,61%,49%,%,,
,,Quelqu'un d'une autre religion que la vôtre (chrétien ou musulman),31%,24%,18%,22%,30%,31%,33%,16%,18%,29%,34%,16%,%,,
,Niveau de confiance dans les personnes ou groupes suivants (% confiant):,"Vos parents, enfants, époux",80%,85%,78%,79%,72%,79%,90%,80%,80%,81%,81%,79%,%,,
,,Vos amis,30%,34%,20%,18%,28%,17%,26%,18%,17%,23%,28%,14%,%,,
,,Les gens de ce quartier/ village,29%,43%,24%,24%,32%,28%,51%,24%,26%,24%,39%,21%,%,,
,,Les gens de votre groupe ethnique,53%,55%,47%,48%,36%,50%,74%,50%,49%,49%,50%,50%,%,,
,,Les gens d'un autre groupe ethnique,30%,32%,21%,19%,28%,24%,38%,17%,23%,22%,31%,16%,%,,
,,Les gens de votre religion,61%,59%,53%,49%,57%,51%,90%,56%,54%,45%,64%,55%,%,,
,,Les gens d'une autre religion,30%,36%,24%,22%,32%,23%,36%,15%,24%,21%,33%,19%,%,,
,,Les autorités du quartier/ village,41%,43%,28%,31%,41%,31%,46%,24%,31%,36%,47%,25%,%,,
,,Les autorités de la ville/ commune,38%,34%,26%,27%,40%,26%,38%,23%,24%,24%,38%,19%,%,,
,,Les autorités locales,36%,41%,28%,28%,42%,25%,43%,23%,25%,28%,41%,21%,%,,
,,Les autorités nationales,38%,30%,29%,34%,44%,31%,48%,31%,27%,20%,35%,32%,%,,
,,Les chefs religieux de votre religion,67%,67%,58%,52%,65%,58%,93%,60%,58%,57%,64%,61%,%,,
,,Les chefs religieux des autres religions,39%,45%,25%,27%,34%,27%,41%,21%,26%,34%,41%,26%,%,,
,,Les ONGs nationales,51%,52%,41%,43%,48%,38%,59%,35%,38%,39%,47%,43%,%,,
,,Les ONGs internationales,49%,52%,41%,43%,47%,36%,69%,35%,37%,42%,50%,37%,%,,
,,Les Nations Unies,25%,14%,24%,24%,30%,21%,23%,20%,19%,11%,22%,29%,%,,
,,La police,49%,54%,57%,53%,50%,52%,54%,52%,59%,56%,65%,47%,%,,
,,La gendarmerie,58%,57%,59%,56%,58%,57%,59%,59%,59%,55%,65%,50%,%,,
,,Les FACA,69%,71%,72%,72%,73%,63%,51%,70%,79%,72%,73%,64%,%,,
,,Les juges / la justice,43%,49%,52%,50%,49%,41%,43%,57%,47%,41%,48%,55%,%,,
,,La MINUSCA,15%,6%,16%,16%,25%,12%,43%,11%,12%,3%,14%,14%,%,,
,,Les groupes armés,1%,0%,2%,4%,6%,0%,2%,0%,2%,2%,1%,1%,%,,
,,Les chefs traditionnels,42%,38%,28%,30%,45%,25%,39%,28%,22%,39%,50%,25%,%,,
,,Les médias en général,51%,51%,48%,47%,42%,58%,36%,53%,45%,48%,55%,50%,%,,
,Niveau de confort avec les personnes ou groupes suivants (% confortable):,Des personnes déplacées,95%,92%,89%,87%,97%,88%,98%,88%,90%,92%,96%,87%,%,,
,,Des soldats / militaires,83%,81%,85%,88%,83%,84%,90%,88%,87%,85%,90%,85%,%,,
,,Des musulmans,44%,24%,34%,28%,72%,62%,98%,32%,26%,25%,37%,53%,%,,
,,Des chrétiens,94%,91%,97%,96%,99%,86%,97%,98%,99%,90%,95%,95%,%,,
,,Des Tchadiens,30%,19%,19%,20%,48%,44%,85%,20%,18%,17%,23%,34%,%,,
STÉRÉOTYPES ENVERS D'AUTRES GROUPES ET DISCRIMINATION,"Sentiment par rapport aux personnes d'une autre religion, ils sont… (% souvent et tout le temps):",Ils sont violents,37%,51%,49%,46%,22%,28%,7%,53%,54%,48%,38%,44%,%,,
,,Ils sont paresseux,18%,20%,22%,21%,12%,17%,10%,23%,24%,22%,26%,22%,%,,
,,Ils cherchent à créer des conflits,43%,54%,52%,51%,37%,27%,18%,57%,57%,54%,43%,44%,%,,
,,Ils prennent nos terres,21%,21%,28%,35%,12%,21%,8%,37%,27%,21%,21%,31%,%,,
,"Sentiment par rapport aux personnes d'un autre groupe ethnique, ils sont...(% souvent et tout le temps):",Ils sont violents,23%,26%,53%,54%,14%,26%,3%,54%,60%,36%,22%,47%,%,,
,,Ils sont paresseux,18%,21%,28%,26%,9%,17%,2%,24%,29%,23%,24%,23%,%,,
,,Ils cherchent à créer des conflits,28%,33%,57%,58%,25%,27%,3%,56%,61%,44%,36%,49%,%,,
,,Ils prennent nos terres,15%,14%,34%,35%,7%,22%,3%,36%,30%,13%,17%,32%,%,,
,Discrimination (% oui),Avez-vous déjà été traité injustement à cause de votre religion (% oui)?,15%,17%,7%,11%,14%,14%,31%,12%,13%,17%,18%,8%,%,,
,,Dans les 12 derniers mois (% oui),28%,30%,47%,28%,6%,62%,32%,59%,71%,53%,41%,44%,%,,
,,Avez-vous déjà été traité injustement à cause de votre groupe ethnique ?,6%,7%,10%,11%,8%,16%,10%,9%,11%,8%,13%,11%,%,,
,,Dans les 12 derniers mois (% oui),50%,38%,68%,37%,16%,39%,50%,60%,64%,56%,50%,46%,%,,
,Religion,Chrétien - Protestant,64%,72%,79%,79%,86%,57%,31%,78%,80%,64%,67%,75%,%,,
,,Musulman,0%,0%,0%,0%,4%,4%,67%,0%,0%,0%,0%,1%,%,,
,,Animiste,2%,3%,0%,0%,1%,1%,0%,0%,0%,1%,1%,0%,%,,
,,Adventiste,4%,5%,1%,0%,4%,4%,0%,1%,1%,5%,9%,0%,%,,
,,Kimbanguiste,2%,0%,0%,0%,0%,3%,0%,0%,0%,3%,3%,0%,%,,
,,Témoin de Jéhovah,4%,3%,4%,1%,4%,2%,2%,4%,3%,5%,4%,2%,%,,
,,"Autre, spécifier",25%,18%,16%,19%,0%,27%,0%,16%,17%,23%,17%,22%,%,,
,,[Sans réponse],0%,0%,0%,0%,0%,0%,0%,0%,0%,0%,0%,0%,%,,
ENGAGEMENT CIVIQUE,Membre d'une association ou groupe,Oui,39%,35%,43%,37%,56%,45%,31%,43%,42%,45%,47%,47%,%,,
,"Au cours de la dernière année, avez-vous participé aux choses suivantes (% oui):",À une réunion communautaire,27%,39%,47%,35%,44%,40%,57%,51%,48%,40%,41%,46%,%,,
,,"À des rencontres culturelles, récréationelles ou sportives",35%,31%,40%,36%,43%,38%,56%,45%,40%,43%,38%,43%,%,,
,,"À des rencontres communautaires ayant pour objectif l'amélioration de la sécurité dans les rues, les parcs ou votre village",18%,26%,44%,36%,23%,33%,57%,48%,42%,38%,24%,47%,%,,
,,À des rencontres organisées par les parties ou groupes politiques,16%,18%,18%,19%,29%,12%,30%,20%,18%,18%,17%,15%,%,,
,,À des rencontres ayant pour objectif de construire des infrastructures publiques ou d'améliorer les espaces publics,16%,21%,33%,26%,11%,28%,57%,35%,24%,24%,16%,33%,%,,
,,À des rencontres ayant pour objectif de construire la paix,35%,38%,51%,39%,51%,56%,57%,47%,48%,50%,43%,51%,%,,
,Les hommes et les femmes participent à la vie communautaire de façon égale dans ce village/ quartier,Oui,60%,56%,60%,69%,72%,73%,69%,67%,70%,60%,68%,68%,%,,
,Les gens ont ou peuvent…. (% beaucoup et extrèmement),la capacité d’apporter un changement dans leur quartier,57%,59%,55%,56%,62%,70%,34%,56%,54%,62%,65%,56%,%,,
,,la possibilité de participer aux décisions qui concernent le quartier,46%,46%,50%,50%,39%,63%,30%,49%,41%,51%,51%,44%,%,,
,,contribuer à la paix dans leur communauté,65%,62%,63%,61%,76%,72%,54%,64%,58%,63%,72%,64%,%,,
,,contribuer à la réconciliation dans leur communauté,57%,53%,62%,57%,70%,69%,56%,68%,56%,58%,64%,63%,%,,
,Sentiment de contrôle sur les choses suivantes (% beaucoup et extrèmement),Les décisions prises par les autorités administratives dans le village/le quartier,35%,38%,20%,29%,38%,30%,11%,21%,22%,35%,36%,19%,%,,
,,Les décisions prises par les autorités administratives au niveau de la préfecture,24%,26%,17%,19%,29%,26%,3%,14%,12%,22%,18%,10%,%,,
,,Les décisions prises par les autorités administratives au niveau national,21%,23%,19%,26%,26%,35%,10%,20%,14%,24%,24%,15%,%,,
,Les hommes et les femmes ont le même niveau d'influence sur les décisions prises par les autorités au niveau du village/ du quartier,Oui,63%,65%,85%,86%,74%,61%,77%,79%,83%,76%,67%,73%,%,,
,Tous les groupes religieux ont le même niveau d'influence sur les décisions prises par les autorités du village/ du quartier,Oui,68%,66%,70%,69%,81%,59%,84%,72%,71%,64%,72%,57%,%,,
,Capacité à s'exprimer (% perception positive),Libre d’exprimer vos préoccupations à la maison,76%,77%,70%,69%,66%,73%,57%,67%,67%,75%,77%,61%,%,,
,,Libre d’exprimer vos préoccupations dans votre quartier,35%,49%,39%,42%,36%,47%,18%,41%,34%,40%,49%,36%,%,,
,,"Il est inutile de parler, vous ne pouvez pas être entendu, personne ne vous écoute",18%,24%,33%,35%,28%,21%,23%,35%,27%,21%,24%,29%,%,,
GENRE,Croyances vis-à vis les hommes et femmes (% d'accord),Les femmes comme les hommes peuvent etre chefs de village,96%,93%,95%,99%,97%,95%,93%,97%,95%,95%,93%,95%,%,,
,,Les êtres humains ont évolué pour que les hommes représentent l'autorité dans la famille,63%,64%,48%,45%,65%,60%,64%,49%,52%,55%,58%,47%,%,,
,,Les hommes sont naturellement de meilleur chefs religieux que les femmes,45%,52%,33%,26%,52%,50%,56%,27%,36%,41%,43%,31%,%,,
,,Les hommes ont besoin de plus de partenaires sexuels que les femmes,37%,39%,43%,37%,34%,49%,34%,41%,38%,40%,45%,43%,%,,
,,Les femmes sont meilleures que les hommes pour s'occuper des enfants,58%,65%,70%,77%,66%,66%,74%,73%,70%,68%,65%,79%,%,,
,,Les hommes sont meilleurs que les femmes pour travailler hors de la maison,25%,28%,19%,16%,32%,29%,56%,16%,19%,24%,30%,15%,%,,
,,Les hommes sont plus aptes que les femmes à avoir une éducation supérieure,23%,26%,10%,8%,35%,11%,49%,6%,12%,24%,28%,8%,%,,
,,Les hommes sont naturellement meilleurs que les femmes pour gouverner le pays,43%,44%,34%,30%,39%,35%,51%,31%,31%,36%,49%,28%,%,,
,,Les hommes sont plus rationnels que les femmes,23%,25%,22%,15%,36%,19%,26%,20%,22%,19%,24%,19%,%,,
,,Les femmes sont moins intelligentes que les hommes,20%,17%,19%,19%,17%,29%,21%,26%,19%,23%,24%,26%,%,,
,,Les hommes sont mieux que les femmes pour prendre des décisions concernant l'argent,25%,26%,21%,18%,31%,17%,46%,20%,25%,24%,27%,22%,%,,
,,Les femmes sont mieux que les hommes pour prendre des décisions concernant les enfants,40%,43%,48%,52%,37%,35%,46%,50%,51%,47%,38%,54%,%,,
,,Les femmes comme les hommes contribuent à la paix et réconciliation dans votre quartier/ village,90%,91%,98%,97%,99%,89%,97%,97%,97%,92%,94%,99%,%,,
PERCEPTIONS DES SERVICES/ PERFORMANCES/ REPRÉSENTATION,Perception des services (% bon et très bon),Logement,53%,42%,52%,50%,65%,57%,41%,55%,41%,58%,41%,45%,%,,
,,Accès à l'eau potable,48%,16%,33%,40%,73%,66%,33%,23%,51%,36%,54%,16%,%,,
,,Accès à la nourriture,46%,29%,34%,37%,66%,60%,41%,39%,35%,40%,36%,33%,%,,
,,Accès aux soins de santé,54%,18%,27%,28%,65%,62%,39%,32%,33%,38%,43%,30%,%,,
,,Accès aux services d'éducation (pour vous ou vos enfants),55%,29%,42%,51%,72%,64%,31%,52%,51%,39%,43%,47%,%,,
,,Possibilités de trouver un emploi / du travail,12%,4%,25%,23%,22%,21%,2%,21%,23%,9%,7%,15%,%,,
,,Accès à l'information / aux nouvelles,56%,46%,47%,52%,67%,54%,34%,50%,52%,61%,43%,46%,%,,
,Les hommes et les femmes ont accès aux services de bases (santé ou éducation) de façon égale dans ce village/ quartier,Oui,75%,63%,71%,63%,77%,77%,82%,70%,74%,75%,79%,75%,%,,
,Perception des efforts de l'Etat (% positif),Pour réduire la pauvreté,25%,18%,24%,30%,42%,21%,16%,32%,19%,20%,19%,36%,%,,
,,"Pour améliorer l'emploi, la situation économique",25%,22%,22%,29%,44%,21%,18%,31%,17%,22%,23%,32%,%,,
,,Pour établir la paix,29%,18%,27%,32%,52%,46%,46%,38%,19%,14%,20%,54%,%,,
,,Pour établir la sécurité,19%,13%,25%,30%,44%,44%,44%,38%,15%,13%,16%,53%,%,,
,,Pour lutter contre la corruption,15%,7%,20%,24%,22%,13%,10%,14%,14%,11%,9%,17%,%,,
,,Pour unir les différents groupes ethniques et religieux,42%,32%,33%,36%,56%,52%,51%,40%,36%,32%,37%,48%,%,,
,Perception des efforts des acteurs suivants pour améliorer la vie des centrafricains (% bon et très bon),ONG internationales,70%,63%,51%,60%,75%,62%,84%,54%,55%,67%,64%,54%,%,,
,,ONG nationales,65%,60%,54%,60%,70%,65%,84%,56%,55%,64%,70%,58%,%,,
,,Nations Unies,41%,35%,29%,36%,47%,30%,44%,33%,30%,30%,31%,39%,%,,
,,Etat,28%,28%,38%,44%,44%,42%,30%,42%,33%,27%,26%,54%,%,,
,Sentiment de représentation par les acteurs suivants (% bien et très bien),Les autorités d'administration locales (Chefs de quartier ou de village),63%,60%,73%,74%,62%,64%,43%,71%,70%,60%,69%,73%,%,,
,,Les autorités administratives au niveau de la préfecture,55%,47%,64%,65%,58%,57%,28%,68%,59%,41%,63%,74%,%,,
,,Le gouvernment central / national,50%,35%,63%,69%,51%,66%,33%,73%,58%,33%,50%,83%,%,,
,Les autorités représentent les intérêts des hommes et des femmes de façon égale (% oui),Traitent de façon égale,85%,86%,86%,90%,90%,73%,97%,90%,86%,78%,83%,86%,%,,
,,Hommes privilégiés,10%,10%,5%,3%,3%,17%,2%,3%,5%,12%,11%,7%,%,,
,,Femmes privilégiées,5%,5%,9%,7%,8%,10%,2%,8%,9%,10%,6%,6%,%,,
,Les autorités (en général) représentent les intérêts de tous les groupes ethniques de façon égale (% oui),Traitent de façon égale,63%,60%,69%,70%,75%,60%,82%,70%,67%,54%,68%,75%,%,,
,,Certains groupes sont privilégiés,37%,40%,30%,30%,25%,40%,18%,30%,33%,45%,32%,25%,%,,
,Les autorités (en général) représentent les intérêts de tous les groupes religieux de façon égale (% oui),Traitent de façon égale,76%,72%,73%,77%,85%,71%,82%,70%,72%,61%,82%,78%,%,,
,,Certains groupes sont privilégiés,24%,28%,26%,23%,15%,29%,18%,30%,28%,39%,18%,22%,%,,
CONFLITS ET DISPUTES,Principaux types de conflits et disputes dans le quartier / village (% répondants) (plusieurs réponses),Aucun conflits,14%,5%,18%,26%,32%,14%,18%,21%,7%,5%,13%,14%,%,,
,,"Questions d'autorités, de pouvoir",1%,7%,2%,4%,1%,3%,28%,1%,4%,5%,4%,2%,%,,
,,"Disputes domestiques, différends familiaux",37%,44%,44%,47%,43%,17%,13%,42%,56%,42%,28%,41%,%,,
,,Conflits sur les limites des terres,34%,19%,25%,19%,6%,16%,13%,13%,22%,19%,23%,9%,%,,
,,Conflits sur la propriété des terres,16%,11%,10%,18%,3%,12%,25%,5%,6%,16%,6%,4%,%,,
,,"Conflits sur l'argent, paiements",13%,19%,10%,8%,12%,14%,10%,15%,14%,24%,19%,20%,%,,
,,Vols,35%,34%,51%,42%,32%,23%,25%,45%,56%,41%,44%,46%,%,,
,,Conflits ethniques,4%,18%,0%,1%,2%,7%,0%,1%,5%,16%,8%,1%,%,,
,,Conflits religieux,2%,6%,0%,0%,3%,1%,0%,0%,5%,9%,0%,0%,%,,
,,Violences physiques ou sexuelles,3%,9%,4%,3%,2%,2%,8%,5%,24%,12%,5%,8%,%,,
,,"Sorcellerie, charlatanisme",14%,19%,21%,18%,6%,7%,2%,19%,17%,13%,30%,25%,%,,
,,Violence domestique,2%,5%,12%,10%,6%,5%,5%,6%,15%,6%,8%,12%,%,,
,,"Différends dans la communauté (entre voisins, femmes…)",28%,40%,28%,33%,26%,19%,8%,34%,34%,30%,35%,35%,%,,
,,"Jalousie, haine, calomnie",26%,32%,34%,27%,32%,20%,10%,34%,35%,23%,30%,42%,%,,
,,"Autre, spécifier",14%,23%,3%,7%,2%,26%,7%,3%,3%,27%,16%,3%,%,,
,,[Sans réponse],0%,0%,0%,0%,0%,0%,0%,0%,0%,0%,0%,0%,%,,
,Présence de dispute/ différend dans les 12 derniers mois,oui,20%,18%,18%,16%,19%,23%,11%,24%,23%,19%,22%,29%,%,,
,Types de différends/ disputes (% répondants) (plusieurs réponses),"Questions d'autorités, de pouvoir",0%,13%,0%,0%,2%,0%,43%,4%,0%,5%,2%,5%,%,,
,,Disputes domestiques,44%,38%,49%,44%,64%,59%,29%,58%,45%,56%,43%,56%,%,,
,,Conflits sur les limites des terres,33%,18%,26%,17%,19%,10%,14%,25%,12%,17%,37%,14%,%,,
,,Conflits sur la propriété des terres,9%,0%,8%,25%,2%,18%,57%,11%,12%,10%,4%,5%,%,,
,,"Conflits sur l'argent, paiements",22%,31%,18%,36%,36%,14%,0%,42%,25%,41%,18%,33%,%,,
,,Conflits ethniques,11%,18%,0%,3%,5%,12%,0%,2%,8%,5%,12%,3%,%,,
,,"Sorcellerie, charlatanisme",16%,18%,13%,3%,10%,10%,0%,6%,12%,7%,31%,11%,%,,
,,"Autre, spécifier",4%,3%,23%,17%,5%,6%,0%,9%,20%,2%,4%,16%,%,,
,,[Sans réponse],0%,0%,0%,0%,0%,0%,0%,0%,0%,0%,0%,0%,%,,
,Personnes approchées pour aider à résoudre ces différends/ disputes (% répondants) (plusieurs réponses),"Non, personne",2%,10%,15%,6%,7%,16%,29%,21%,20%,7%,10%,31%,%,,
,,"Sans aide extérieure, avec autre partie",11%,3%,10%,17%,0%,16%,14%,15%,12%,2%,2%,34%,%,,
,,"Population elle-même, familles",18%,46%,23%,28%,38%,35%,29%,25%,25%,37%,35%,36%,%,,
,,Autorités villageoises,2%,15%,21%,22%,0%,0%,0%,11%,10%,5%,4%,6%,%,,
,,Chef coutumier,31%,26%,26%,19%,40%,27%,0%,23%,18%,27%,35%,14%,%,,
,,Police,11%,3%,18%,17%,12%,4%,0%,26%,22%,15%,14%,9%,%,,
,,Chefs religieux,9%,3%,0%,3%,19%,4%,0%,2%,2%,7%,4%,3%,%,,
,,Militaires,0%,0%,0%,0%,0%,0%,0%,0%,0%,0%,0%,0%,%,,
,,Groupes armés,2%,0%,0%,0%,0%,0%,43%,0%,0%,0%,2%,3%,%,,
,,Système judiciaire national,13%,3%,3%,3%,21%,4%,0%,13%,10%,7%,14%,3%,%,,
,,ONGs,0%,0%,0%,0%,0%,2%,0%,2%,0%,0%,0%,3%,%,,
,,Mairie,0%,15%,0%,3%,0%,0%,14%,0%,0%,2%,0%,0%,%,,
,,Associations,0%,0%,0%,0%,0%,0%,0%,0%,0%,0%,0%,0%,%,,
,,Gendarmes,27%,3%,5%,14%,12%,0%,0%,0%,2%,12%,14%,3%,%,,
,,"Autre, spécifier",7%,0%,15%,19%,2%,4%,0%,9%,12%,5%,6%,3%,%,,
,Satisfaction sur la résolution,oui,69%,67%,85%,94%,71%,75%,43%,83%,82%,73%,67%,81%,%,,
,Acceptable d'utiliser la violence dans les situations suivantes (% oui):,Protéger la communauté,4%,12%,4%,6%,7%,3%,10%,5%,5%,10%,2%,6%,%,,
,,Rétablir la sécurité,17%,22%,14%,17%,24%,13%,8%,18%,18%,22%,15%,16%,%,,
,,Résoudre les conflits,9%,14%,12%,13%,15%,7%,7%,14%,15%,13%,8%,17%,%,,
,,Promouvoir un politicien,1%,6%,10%,11%,4%,2%,0%,10%,10%,5%,2%,15%,%,,
,,Défendre les intérêts d'un groupe ethnique,6%,8%,10%,12%,4%,7%,3%,12%,10%,12%,4%,15%,%,,
,,Défendre les intérêts d'un groupe religieux,10%,10%,10%,11%,3%,14%,13%,10%,10%,11%,6%,14%,%,,
,,Rendre justice,9%,11%,10%,12%,15%,8%,5%,11%,10%,11%,8%,16%,%,,
,,Se venger quand on est victime d'un crime,10%,13%,7%,4%,8%,7%,7%,12%,11%,18%,5%,10%,%,,
SÉCURITÉ,Sentiment de sécurité (% en sécurité),En général dans le quartier/ village,70%,23%,61%,59%,72%,58%,34%,72%,36%,26%,59%,62%,%,,
,,Aller à votre travail/ au champ,75%,39%,64%,64%,89%,61%,33%,74%,48%,37%,69%,72%,%,,
,,Marchez seul pendant le jour dans votre quartier/ village,84%,48%,64%,66%,89%,65%,36%,72%,51%,34%,74%,69%,%,,
,,Marchez seul pendant la nuit dans votre quartier/ village,37%,15%,32%,40%,38%,37%,10%,49%,16%,14%,35%,39%,%,,
,,Rencontrer des gens que vous ne connaissez pas,40%,24%,28%,36%,39%,34%,26%,38%,15%,17%,34%,29%,%,,
,,Rencontrer des gens d'un autre groupe ethnique,65%,47%,33%,39%,77%,31%,34%,38%,18%,37%,58%,31%,%,,
,,Rencontrer des soldats (FACA),94%,88%,78%,76%,99%,85%,44%,78%,76%,88%,88%,71%,%,,
,,Rencontrer des soldats (MINUSCA),61%,45%,44%,49%,76%,55%,70%,49%,38%,31%,51%,44%,%,,
,,Rencontrer des groupes armés,11%,8%,5%,3%,21%,5%,2%,4%,5%,4%,11%,7%,%,,
,,Rencontrer des policiers ou des gendarmes,92%,86%,68%,63%,97%,83%,56%,67%,62%,89%,92%,60%,%,,
,,Parler ouvertement de votre expérience durant les conflits,55%,51%,52%,56%,62%,43%,30%,50%,48%,43%,45%,54%,%,,
,,"Vous plaindre auprès des autorités quand vous êtes la victime d'un crime, d'une aggression ou d'un délit",61%,56%,51%,54%,73%,47%,34%,53%,50%,55%,59%,58%,%,,
,Amélioration de la sécurité dans le quartier/ village au cours des 12 derniers mois,Oui,75%,33%,85%,89%,82%,78%,49%,81%,48%,33%,69%,88%,%,,
,Cause principale du sentiment d’insécurité (% répondants),Aucun problème de sécurité,18%,1%,10%,15%,34%,4%,5%,18%,2%,7%,16%,17%,%,,
,,Absence de passants,0%,2%,0%,0%,0%,4%,0%,0%,0%,2%,0%,0%,%,,
,,"Peur d'etre volé , agressé physiquement",7%,5%,4%,2%,7%,6%,2%,2%,3%,4%,9%,5%,%,,
,,"Manque de propreté, insalubre",4%,1%,1%,2%,1%,5%,7%,0%,0%,1%,3%,1%,%,,
,,Manque d'éclairage,2%,1%,12%,13%,1%,10%,8%,7%,11%,2%,4%,11%,%,,
,,Manque de présence policière centrafricaine,3%,1%,4%,0%,2%,1%,3%,1%,2%,3%,0%,2%,%,,
,,"Trafiquants de drogue, drogués",3%,0%,4%,2%,0%,1%,0%,2%,0%,0%,0%,0%,%,,
,,"Trafiquants d'armes, autre marchandise",0%,0%,0%,0%,0%,0%,0%,1%,0%,0%,0%,0%,%,,
,,"Présence de mendiants, vendeurs à la sauvette",0%,0%,0%,0%,1%,0%,0%,0%,0%,0%,0%,0%,%,,
,,Présence de personnes ivres,0%,0%,0%,0%,0%,0%,0%,0%,0%,0%,0%,1%,%,,
,,Groupes de jeunes et autres bandes aggressives (clans),0%,1%,1%,0%,2%,3%,11%,1%,3%,1%,0%,1%,%,,
,,Présence de violeurs,0%,0%,1%,0%,0%,0%,0%,0%,0%,0%,0%,1%,%,,
,,Présence de check points sur les routes,0%,0%,0%,0%,2%,0%,0%,0%,0%,0%,0%,0%,%,,
,,"Présence de bandits,criminels, voleurs",4%,0%,3%,2%,3%,1%,11%,2%,5%,1%,3%,5%,%,,
,,"Présence de groupes armés (seleka, antibalaka…)",2%,10%,4%,9%,10%,4%,2%,5%,5%,3%,3%,4%,%,,
,,Présence des policiers/ gendarmes,0%,0%,0%,0%,0%,0%,0%,0%,0%,0%,0%,0%,%,,
,,Présence des FACA,0%,0%,0%,0%,0%,0%,0%,0%,0%,0%,0%,2%,%,,
,,Présence de la MINUSCA,0%,0%,2%,1%,0%,1%,0%,2%,3%,0%,0%,0%,%,,
,,Manque de présence de gendarmerie nationale,1%,5%,1%,0%,0%,3%,0%,1%,1%,5%,1%,3%,%,,
,,Présence des musulmans,0%,21%,0%,0%,0%,1%,0%,0%,7%,19%,2%,1%,%,,
,,Présence des Peuls,0%,1%,0%,0%,0%,1%,0%,0%,0%,3%,0%,0%,%,,
,,Manque de présence des FACA,8%,9%,9%,15%,4%,7%,0%,10%,11%,10%,8%,2%,%,,
,,"Sorcellerie, charlatanisme",1%,1%,0%,0%,1%,1%,0%,2%,0%,0%,3%,1%,%,,
,,"Rumeurs (attaques, groupes armés…)",21%,22%,9%,9%,20%,11%,5%,5%,14%,19%,20%,5%,%,,
,,"Circulation d'armes, absence de DDR",4%,2%,7%,7%,5%,6%,41%,12%,14%,5%,5%,8%,%,,
,,"Pauvreté, chômage, manque de développement/ urbanisation",15%,12%,26%,19%,5%,17%,5%,27%,16%,10%,13%,24%,%,,
,,"Autre, spécifier",5%,5%,2%,0%,0%,9%,0%,1%,1%,6%,8%,4%,%,,
,Autres causes d’insécurité (% répondants) (plusieurs réponses),Aucun problème de sécurité,14%,1%,5%,10%,27%,3%,7%,13%,1%,4%,10%,14%,%,,
,,Absence de passants,0%,2%,0%,0%,1%,9%,0%,1%,0%,2%,0%,0%,%,,
,,"Peur d'etre volé , agressé physiquement",22%,30%,14%,10%,18%,29%,8%,14%,19%,28%,23%,17%,%,,
,,"Manque de propreté, insalubre",17%,15%,12%,17%,8%,17%,15%,7%,10%,10%,12%,7%,%,,
,,Manque d'éclairage,17%,20%,48%,36%,12%,34%,18%,41%,41%,20%,22%,45%,%,,
,,Manque de présence policière centrafricaine,14%,14%,15%,20%,7%,14%,7%,9%,22%,18%,7%,13%,%,,
,,"Trafiquants de drogue, drogués",7%,8%,11%,14%,2%,6%,13%,9%,17%,5%,5%,6%,%,,
,,"Trafiquants d'armes, autre marchandise",3%,4%,7%,5%,1%,3%,3%,7%,10%,2%,6%,4%,%,,
,,"Présence de mendiants, vendeurs à la sauvette",1%,1%,1%,1%,1%,0%,0%,0%,1%,0%,1%,0%,%,,
,,Présence de personnes ivres,3%,3%,3%,2%,0%,1%,0%,1%,3%,2%,0%,2%,%,,
,,Groupes de jeunes et autres bandes aggressives (clans),6%,6%,14%,8%,8%,7%,38%,9%,11%,2%,9%,10%,%,,
,,Présence de violeurs,3%,2%,2%,0%,1%,2%,2%,2%,2%,0%,4%,2%,%,,
,,Présence de check points sur les routes,1%,1%,0%,0%,3%,0%,2%,1%,0%,0%,0%,0%,%,,
,,"Présence de bandits,criminels, voleurs",12%,12%,10%,11%,7%,7%,16%,13%,15%,14%,9%,12%,%,,
,,"Présence de groupes armés (seleka, antibalaka…)",7%,24%,14%,19%,19%,11%,3%,15%,20%,18%,21%,13%,%,,
,,Présence des policiers/ gendarmes,0%,0%,0%,1%,0%,0%,0%,0%,0%,1%,1%,0%,%,,
,,Présence des FACA,0%,1%,1%,0%,0%,1%,0%,1%,0%,2%,1%,3%,%,,
,,Présence de la MINUSCA,0%,2%,10%,15%,0%,0%,0%,8%,11%,5%,3%,2%,%,,
,,Manque de présence de gendarmes nationaux,8%,21%,22%,22%,4%,17%,5%,12%,22%,27%,9%,15%,%,,
,,Présence des musulmans,2%,29%,11%,17%,4%,9%,0%,5%,26%,32%,5%,1%,%,,
,,Présence des Peuls,0%,13%,1%,5%,0%,3%,5%,1%,3%,7%,3%,0%,%,,
,,Manque de présence des FACA,23%,40%,30%,38%,9%,35%,5%,28%,41%,44%,25%,13%,%,,
,,"Sorcellerie, charlatanisme",6%,13%,13%,7%,7%,3%,3%,10%,12%,6%,14%,12%,%,,
,,"Rumeurs (attaques, groupes armés…)",35%,62%,41%,36%,43%,23%,25%,33%,50%,60%,35%,23%,%,,
,,"Circulation d'armes, absence de DDR",26%,42%,41%,41%,17%,28%,67%,42%,55%,38%,28%,25%,%,,
,,"Pauvreté, chômage, manque de développement/ urbanisation",29%,43%,60%,55%,21%,38%,34%,62%,49%,38%,44%,48%,%,,
,,"Autre, spécifier",5%,3%,3%,1%,0%,7%,0%,5%,3%,7%,1%,3%,%,,
,,Ne sait pas,0%,0%,0%,0%,0%,0%,0%,0%,0%,0%,1%,0%,%,,
,Mesures pour se sentir plus en sécurité (% répondants) (plusieurs réponses),Plus de policiers centrafricains,8%,9%,30%,42%,16%,7%,5%,27%,39%,14%,10%,28%,%,,
,,Moins de policiers centrafricains,0%,0%,0%,0%,0%,0%,0%,0%,0%,0%,0%,0%,%,,
,,Plus de groupes d'autodéfense du quartier,2%,6%,4%,6%,0%,2%,0%,4%,6%,8%,4%,5%,%,,
,,Moins de groupes d'auto-defense du quartier,1%,0%,0%,2%,0%,1%,8%,0%,3%,1%,2%,0%,%,,
,,Plus de nettoyage du quartier,22%,17%,17%,27%,13%,12%,18%,17%,20%,10%,12%,15%,%,,
,,Moins d'attroupements de bandes sur le bord des routes,2%,2%,3%,5%,1%,1%,7%,3%,6%,2%,1%,3%,%,,
,,Plus d'éclairage public,19%,24%,52%,54%,32%,22%,48%,49%,51%,32%,22%,54%,%,,
,,Plus de patrouilles policiers dans les quartiers,39%,44%,41%,47%,28%,30%,33%,34%,43%,47%,26%,32%,%,,
,,Avoir un poste de police dans le quartier,10%,36%,19%,19%,7%,11%,33%,18%,16%,16%,9%,15%,%,,
,,Plus de patrouilles des FACA,41%,43%,10%,10%,44%,13%,5%,12%,17%,43%,39%,10%,%,,
,,Plus de patrouilles de la MINUSCA,10%,2%,0%,1%,10%,0%,8%,1%,3%,7%,8%,1%,%,,
,,Plus de gendarmes nationaux,19%,21%,24%,33%,13%,18%,2%,19%,33%,34%,10%,22%,%,,
,,Moins de gendarmes nationaux,0%,3%,0%,2%,1%,1%,3%,0%,0%,2%,0%,1%,%,,
,,Créer un réseau d'alerte,5%,9%,20%,20%,5%,10%,7%,15%,22%,16%,8%,25%,%,,
,,Améliorer le réseau d'alerte,3%,5%,11%,10%,7%,7%,5%,12%,14%,10%,4%,10%,%,,
,,Désarmement (DDR),60%,76%,63%,69%,66%,57%,75%,65%,79%,71%,58%,64%,%,,
,,Arrêter/ éliminer les groupes armés,30%,40%,41%,54%,24%,14%,15%,30%,57%,38%,25%,22%,%,,
,,"Plus de communication, dialogue, cohésion sociale",16%,16%,47%,50%,19%,18%,43%,50%,52%,16%,24%,34%,%,,
,,"Plus de développement, emploi",39%,39%,63%,50%,34%,39%,28%,55%,46%,43%,42%,34%,%,,
,,"Autre, spécifier",13%,14%,5%,2%,4%,17%,0%,6%,5%,15%,12%,5%,%,,
,,Ne sait pas,0%,0%,0%,0%,0%,0%,0%,0%,0%,0%,0%,0%,%,,
,,[Sans réponse],0%,0%,0%,0%,0%,0%,0%,0%,0%,0%,0%,0%,%,,
ACTEURS DE SÉCURITÉ (GÉNÉRAL),Personnes ou groupes qui assurent principalement la sécurité dans ce quartier/village,Personne,11%,12%,8%,13%,27%,3%,33%,9%,14%,9%,9%,13%,%,,
,,La police centrafricaine,5%,0%,4%,3%,4%,0%,0%,5%,3%,7%,2%,6%,%,,
,,La gendarmerie nationale,9%,0%,1%,3%,4%,0%,0%,2%,1%,1%,4%,1%,%,,
,,Les sociétés privées de gardiennage,0%,0%,0%,0%,20%,0%,0%,0%,0%,0%,0%,0%,%,,
,,Les chefs de quartier,19%,4%,37%,28%,1%,38%,0%,32%,14%,7%,26%,34%,%,,
,,La police municipale,1%,0%,0%,0%,0%,0%,0%,0%,0%,0%,0%,0%,%,,
,,Les groupes d’autodéfense,0%,2%,0%,3%,0%,7%,7%,0%,6%,5%,3%,0%,%,,
,,Les groupes armés,0%,3%,0%,0%,0%,0%,3%,0%,0%,0%,0%,0%,%,,
,,Les FACA,9%,13%,2%,1%,3%,5%,0%,3%,7%,6%,8%,8%,%,,
,,La MINUSCA,1%,0%,0%,0%,12%,2%,3%,0%,0%,1%,4%,0%,%,,
,,Population elle-même,33%,48%,38%,38%,16%,32%,8%,40%,41%,45%,30%,24%,%,,
,,Dieu,10%,16%,10%,11%,14%,6%,46%,8%,12%,16%,13%,14%,%,,
,,"Autre, spécifier",1%,3%,0%,1%,0%,4%,0%,1%,0%,5%,0%,0%,%,,
POLICE,Présence de la police pour assurer la sécurité dans le quartier/ village,OUI,32%,5%,21%,16%,35%,27%,2%,32%,23%,38%,38%,34%,%,,
,Contribution de la police à la sécurité dans votre quartier/ village,% Contribution positive,37%,11%,20%,26%,51%,37%,0%,32%,15%,38%,42%,25%,%,,
,Evolution du travail de la police dans les 12 derniers mois (% oui),Amélioration du travail de la police,64%,40%,43%,41%,81%,54%,7%,55%,35%,57%,62%,57%,%,,
,Aidé par la police dans la dernière année,OUI,10%,1%,23%,19%,24%,12%,3%,29%,24%,17%,12%,28%,%,,
,Victime de mauvais traitement par la police dans la dernière année,OUI,3%,0%,2%,2%,1%,1%,0%,4%,1%,2%,1%,4%,%,,
GENDARMES,Présence de la gendarmerie pour assurer la sécurité dans le quartier/ village,OUI,39%,8%,19%,18%,39%,27%,2%,32%,21%,24%,41%,30%,%,,
,Contribution de la gendarmerie à la sécurité dans votre quartier/ village,% Contribution positive,10%,32%,34%,38%,9%,8%,51%,32%,42%,11%,18%,22%,%,,
,Evolution du travail de la gendarmerie dans les 12 derniers mois (% oui),Amélioration du travail de la gendarmerie,73%,52%,48%,48%,88%,62%,13%,56%,40%,60%,66%,64%,%,,
,Aidé par la gendarmerie dans la dernière année,OUI,17%,5%,19%,20%,28%,10%,3%,28%,21%,15%,14%,25%,%,,
,Victime de mauvais traitement par des gendarmes dans la dernière année,OUI,1%,0%,0%,0%,1%,1%,3%,1%,0%,2%,0%,1%,%,,
FACA,Présence des FACA pour assurer la sécurité dans le quartier/ village,OUI,31%,30%,20%,15%,44%,22%,2%,22%,27%,23%,40%,24%,%,,
,Contribution des FACA à la sécurité dans votre quartier/ village,% Contribution positive,16%,12%,31%,31%,16%,13%,46%,27%,42%,10%,14%,20%,%,,
,Evolution du travail des FACA dans les 12 derniers mois (% oui),Amélioration du travail des FACA,57%,58%,35%,37%,78%,65%,13%,32%,35%,55%,67%,45%,%,,
,Aidé par les FACA dans la dernière année,OUI,12%,26%,23%,20%,24%,12%,5%,25%,27%,18%,13%,21%,%,,
,Victime de mauvais traitement par les FACA dans la dernière année,OUI,0%,1%,1%,1%,1%,1%,13%,1%,0%,0%,2%,1%,%,,
MINUSCA,Présence de la MINUSCA pour assurer la sécurité dans le quartier/ village,OUI,10%,11%,10%,11%,33%,21%,38%,18%,17%,19%,32%,18%,%,,
,Contribution de la MINUSCA à la sécurité dans votre quartier/ village,% Contribution positive,39%,60%,32%,28%,30%,22%,30%,26%,41%,50%,40%,25%,%,,
,Evolution du travail de la MINUSCA dans les 12 derniers mois (% oui),Amélioration du travail de la MINUSCA,14%,6%,10%,21%,45%,22%,18%,14%,13%,5%,17%,27%,%,,
,Aidé par la MINUSCA dans la dernière année,OUI,2%,0%,9%,14%,15%,4%,10%,8%,14%,1%,3%,11%,%,,
,Victime de mauvais traitement par la MINUSCA dans la dernière année,OUI,3%,8%,1%,2%,4%,4%,10%,0%,0%,11%,4%,1%,%,,
CRIMES,Victime d'un vol/ cambriolage (12 derniers mois),OUI,23%,33%,38%,33%,16%,25%,18%,38%,43%,37%,28%,41%,%,,
,Se faire agresser physiquement sans arme (12 derniers mois),OUI,5%,9%,7%,9%,3%,9%,11%,14%,13%,11%,10%,9%,%,,
,Se faire agresser physiquement avec une arme (12 derniers mois),OUI,7%,15%,8%,9%,10%,4%,10%,14%,18%,14%,13%,7%,%,,
,Être forcé de payer des motivations (corruption) (12 derniers mois),OUI,7%,11%,11%,7%,7%,10%,20%,9%,10%,11%,9%,5%,%,,
,Être victime de sorcellerie (12 derniers mois),OUI,7%,11%,14%,12%,12%,17%,8%,14%,10%,13%,21%,17%,%,,
,Connaître quelqu'un victime de sorcellerie (12 derniers mois),OUI,17%,23%,21%,18%,15%,21%,10%,21%,17%,24%,35%,29%,%,,
,Connaître quelqu'un accusé de sorcellerie (12 derniers mois),OUI,23%,26%,24%,17%,16%,24%,7%,26%,20%,25%,37%,35%,%,,
,Etre accusé de sorcellerie (12 derniers mois),OUI,6%,5%,5%,2%,5%,9%,5%,0%,3%,3%,5%,2%,%,,
VIOLENCES LIÉES AUX CONFLITS,Témoin de violences liées aux conflits (général - 12 derniers mois) - (toutes les catégories),Oui,20%,31%,12%,9%,8%,28%,38%,11%,13%,33%,23%,10%,%,,
,Combats,Oui,2%,13%,2%,2%,3%,4%,31%,6%,5%,11%,1%,3%,%,,
,Aggressions physiques,Oui,9%,11%,6%,4%,5%,6%,11%,8%,8%,14%,14%,4%,%,,
,Aggressions sexuelles,Oui,2%,1%,3%,2%,1%,3%,0%,3%,4%,4%,6%,1%,%,,
,"Vols, pillages",Oui,9%,15%,9%,7%,2%,18%,11%,9%,11%,19%,15%,6%,%,,
,Destruction des propriétés,Oui,9%,9%,7%,3%,1%,15%,3%,7%,9%,14%,12%,3%,%,,
,Meurtres,Oui,10%,19%,4%,4%,0%,19%,18%,3%,6%,21%,14%,5%,%,,
,"Autre, spécifier",Oui,1%,0%,0%,0%,0%,0%,0%,0%,0%,0%,0%,0%,%,,
,[Sans réponse],Oui,0%,0%,0%,0%,0%,0%,0%,0%,0%,0%,0%,0%,%,,
,Victime de violences liés aux conflits (général - 12 derniers mois) (toutes les catégories),Oui,3%,7%,10%,10%,6%,10%,11%,12%,15%,6%,9%,9%,%,,
,Combats,Oui,0%,2%,0%,1%,0%,0%,2%,3%,1%,2%,0%,1%,%,,
,Aggressions physiques,Oui,0%,3%,3%,1%,4%,4%,10%,5%,5%,3%,5%,4%,%,,
,Aggressions sexuelles,Oui,0%,0%,1%,0%,0%,0%,2%,0%,1%,1%,1%,0%,%,,
,"Vols, pillages",Oui,2%,5%,10%,10%,2%,6%,3%,11%,13%,6%,8%,5%,%,,
,Destruction des propriétés,Oui,1%,2%,3%,4%,0%,3%,2%,9%,5%,3%,4%,4%,%,,
,Meurtres,Oui,0%,3%,0%,1%,0%,0%,0%,1%,1%,4%,4%,1%,%,,
,"Autre, spécifier",Oui,0%,0%,0%,0%,0%,1%,0%,0%,0%,0%,0%,0%,%,,
,Menacé de mort à cause des conflits (12 derniers mois),OUI,15%,31%,19%,18%,16%,16%,16%,19%,24%,35%,18%,16%,%,,
,Pensé que vous alliez mourrir à cause des conflits (12 derniers mois),OUI,40%,55%,54%,48%,40%,49%,21%,48%,52%,65%,48%,45%,%,,
,Perdu des membres de votre ménage parce qu'ils ont été kidnappés ou ont disparu à cause des conflits (12 derniers mois),OUI,17%,24%,21%,29%,8%,21%,11%,18%,25%,23%,16%,20%,%,,
,Perdu des membres de votre ménage parce qu'ils ont été tués à cause des conflits (12 derniers mois),OUI,30%,43%,51%,57%,14%,34%,43%,55%,54%,41%,31%,52%,%,,
,"Personnellement été emprisonné, forcé de travailler, ou forcé de commettre des violences comme voler, tuer ou battre des personnes, par des groupes armés ou militaires (12 derniers mois)",OUI,4%,10%,5%,8%,2%,7%,2%,7%,5%,12%,7%,4%,%,,
VIOLENCES SEXUELLES,Perception générale sur les violences sexuelles et acteurs associés (% d'accord),"Un homme devrait toujours s'assurer que sa partenaire est d'accord avant de s'engager dans une relation sexuelle, même s'ils sont mariés.",98%,97%,98%,99%,94%,97%,97%,98%,99%,97%,95%,97%,%,,
,,"Une femme devrait toujours s'assurer que son partenaire est d'accord avant de s'engager dans une relation sexuelle, même s'ils sont mariés.",95%,94%,99%,96%,98%,96%,98%,98%,99%,92%,95%,96%,%,,
,,Il est parfois acceptable qu'un homme batte son épouse,18%,22%,13%,10%,25%,20%,34%,19%,14%,24%,23%,15%,%,,
,,Il est parfois acceptable qu'une femme batte son époux,6%,10%,5%,2%,6%,6%,7%,7%,0%,10%,7%,6%,%,,
,,"Les violences sexuelles doivent se résoudre dans les familles, sans les autorités",50%,52%,76%,77%,53%,42%,56%,70%,74%,54%,48%,70%,%,,
,,Les responsables de violence sexuelles sont généralement punis,91%,90%,98%,100%,97%,91%,95%,100%,97%,90%,93%,98%,%,,
,,Les policiers/ gendarmes sont punis de façon appropriée lorsqu'ils sont coupables de violences sexuelles,95%,95%,96%,99%,98%,91%,97%,100%,98%,92%,97%,100%,%,,
,,Les soldats FACA sont punis de façon appropriée lorsqu'ils sont coupables de violences sexuelles,96%,96%,95%,99%,99%,88%,97%,99%,98%,93%,97%,100%,%,,
,,Les soldats de la MINUSCA sont punis de façon appropriée lorsqu'ils sont coupable de violence sexuelles,87%,90%,96%,98%,99%,80%,100%,100%,98%,77%,88%,99%,%,,
,,Les victimes de violences sexuelles peuvent avoir leur cas jugés par les tribunaux,94%,96%,98%,97%,100%,90%,100%,100%,97%,92%,95%,100%,%,,
,,Les victimes des violences sexuelles peuvent avoir leur cas enquêtés par la police,93%,94%,98%,98%,99%,90%,100%,100%,98%,90%,95%,100%,%,,
,"Connaître une ou plusieurs personnes qui ont été harcelées, agressées ou mutilées sexuellement au cours des deux dernières années, que ce soit chez eux ou ailleurs",OUI,26%,27%,20%,15%,18%,24%,23%,23%,24%,29%,30%,23%,%,,
,"Témoin d'une ou plusieurs personnes qui ont été harcelées, agressées ou mutilées sexuellement au cours des deux dernières années, que ce soit chez eux ou ailleurs",OUI,11%,16%,15%,9%,11%,14%,13%,15%,12%,18%,18%,11%,%,,
,"Victime d'un harcèlement, aggression ou mutilation sexuelle au cours des deux dernières années, que ce soit chez vous ou ailleurs",OUI,1%,2%,3%,2%,1%,2%,2%,5%,4%,1%,2%,3%,%,,
,Arrivé plusieurs fois,OUI,0%,0%,86%,75%,33%,60%,0%,75%,63%,33%,20%,57%,%,,
,Responsable du dernier incident de violence sexuelle,un membre de votre famille,0%,40%,0%,0%,0%,80%,0%,0%,0%,33%,40%,14%,%,,
,,un ami proche,0%,0%,57%,25%,67%,20%,0%,58%,50%,0%,0%,14%,%,,
,,une connaissance,50%,20%,14%,50%,33%,0%,0%,17%,13%,33%,20%,14%,%,,
,,une personne en tenue,0%,20%,14%,25%,0%,0%,0%,0%,38%,0%,0%,14%,%,,
,,une personne inconnue,50%,20%,0%,0%,0%,0%,100%,17%,0%,33%,20%,29%,%,,
,,ne sait pas,0%,0%,0%,0%,0%,0%,0%,0%,0%,0%,0%,0%,%,,
,,"Autre, spécifier",0%,0%,14%,0%,0%,0%,0%,8%,0%,0%,20%,14%,%,,
,"Parlé de cet incident, et si oui, à qui (plusieurs réponses)",Non,0%,0%,14%,0%,67%,0%,0%,42%,25%,0%,0%,29%,%,,
,,"Oui, parent (père, mère)",50%,60%,0%,50%,0%,20%,0%,17%,25%,33%,60%,43%,%,,
,,"Oui, frère, soeur",50%,20%,14%,25%,0%,20%,0%,17%,25%,0%,0%,29%,%,,
,,"Oui, autre membre du ménage",0%,0%,14%,0%,33%,0%,0%,0%,0%,33%,20%,0%,%,,
,,"Oui, un ami",50%,0%,57%,25%,0%,0%,0%,33%,13%,0%,0%,29%,%,,
,,"Oui, police",0%,0%,0%,25%,0%,0%,100%,0%,25%,0%,0%,14%,%,,
,,"Oui, chef de quartier",0%,40%,0%,0%,0%,60%,100%,8%,13%,67%,20%,29%,%,,
,,"Oui, tribunal",0%,0%,0%,0%,0%,20%,0%,0%,13%,0%,20%,0%,%,,
,,"Oui, gendarmerie",0%,20%,0%,0%,0%,20%,0%,0%,13%,0%,20%,0%,%,,
,,"Oui, prêtre, Iman",0%,0%,14%,0%,0%,0%,0%,0%,0%,0%,0%,0%,%,,
,,"Oui, autre, spécifier",0%,0%,14%,0%,0%,0%,0%,33%,38%,0%,20%,14%,%,,
,"Porté plainte, et si oui, auprès de qui (% répondants) (plusieurs réponses)","Non, pas de plainte",50%,40%,100%,75%,67%,20%,0%,83%,63%,33%,0%,43%,%,,
,,"Oui, police",0%,0%,0%,25%,0%,0%,0%,0%,25%,0%,0%,14%,%,,
,,"Oui, chef de quartier",0%,20%,0%,0%,33%,60%,0%,8%,25%,67%,40%,14%,%,,
,,"Oui, tribunal",0%,0%,0%,25%,0%,20%,100%,0%,13%,0%,40%,14%,%,,
,,"Oui, gendarmerie",50%,20%,0%,0%,0%,0%,0%,0%,25%,0%,20%,14%,%,,
,,"Oui, prêtre, Iman",0%,0%,0%,0%,0%,0%,0%,0%,0%,0%,0%,0%,%,,
,,"Oui, parent",0%,0%,0%,0%,0%,0%,0%,8%,0%,0%,0%,29%,%,,
,,"Oui, procureur",0%,20%,0%,0%,0%,0%,0%,0%,0%,0%,20%,0%,%,,
,,"Oui, autre, spécifier",0%,0%,71%,50%,0%,0%,0%,67%,50%,0%,20%,0%,%,,
,,[Sans réponse],0%,0%,0%,0%,0%,0%,0%,0%,0%,0%,0%,0%,%,,
,Satisfaction de la résolution,oui,100%,20%,86%,75%,33%,80%,0%,83%,88%,67%,40%,57%,%,,
,Efforts des acteurs suivants pour lutter contre les violences sexuelles (% bon et très bon),Etat,59%,54%,60%,56%,61%,63%,39%,70%,52%,60%,58%,75%,%,,
,,Police,62%,50%,50%,52%,53%,70%,59%,60%,46%,59%,65%,60%,%,,
,,Gendarmerie,66%,60%,51%,54%,62%,74%,59%,60%,48%,73%,66%,62%,%,,
,,"Autorités locales et villageoises (chef du village, mairie, chef coutumier, de clan)",63%,56%,56%,49%,52%,64%,49%,62%,47%,59%,68%,61%,%,,
,,MINUSCA,46%,39%,38%,43%,50%,41%,57%,46%,36%,44%,49%,43%,%,,
,,Système de justice national (tribunaux),73%,71%,72%,72%,68%,77%,49%,85%,69%,67%,72%,79%,%,,
,,ONGs,82%,81%,59%,64%,80%,70%,82%,68%,62%,85%,81%,69%,%,,
,Accès aux services suivants pour les victimes de violences sexuelles (bon et très bon),Soins de santé,83%,75%,77%,72%,64%,83%,77%,81%,71%,82%,76%,72%,%,,
,,Support psychologique,73%,68%,70%,63%,56%,80%,69%,74%,65%,81%,74%,70%,%,,
,Traitement des victimes de violences sexuelles par rapport aux autres crimes,mieux servies,72%,65%,81%,85%,66%,78%,59%,82%,73%,68%,74%,77%,%,,
,,moins bien servies,19%,22%,13%,5%,18%,14%,18%,12%,10%,21%,16%,11%,%,,
,,même chose,9%,13%,6%,10%,15%,6%,23%,6%,17%,11%,9%,12%,%,,
,,[Sans réponse],0%,1%,0%,0%,1%,1%,0%,0%,0%,0%,0%,0%,%,,
,Traitement des victimes de violences sexuelles par rapport à l'année dernière,mieux servies,73%,67%,71%,82%,67%,74%,61%,77%,68%,70%,74%,68%,%,,
,,moins bien servies,14%,19%,20%,6%,14%,15%,15%,17%,14%,15%,14%,19%,%,,
,,même chose,14%,14%,8%,12%,17%,10%,25%,6%,18%,15%,11%,13%,%,,
,,[Sans réponse],0%,0%,0%,0%,1%,1%,0%,0%,0%,0%,0%,1%,%,,
,Acceptance du retour d'une personne victime de violences sexuelles … (% oui),Dans votre communauté,94%,96%,88%,86%,97%,86%,93%,87%,89%,92%,92%,88%,%,,
,,Dans votre ménage,94%,96%,89%,86%,98%,87%,97%,88%,89%,92%,91%,87%,%,,
,,Dans votre ménage d'une femme/fille victime si elle a eu un enfant à cause de cet acte,88%,94%,86%,83%,94%,87%,92%,86%,86%,92%,89%,86%,%,,
,,Dans votre ménage d'une femme ou homme victime si elle/ il a eu une maladie ou blessure à cause de cet acte,89%,93%,86%,85%,94%,87%,93%,86%,89%,88%,87%,85%,%,,
,"Obstacles qui empêchent les victimes de violences sexuelles de porter plainte auprès des autorités (police, tribunal,…) (% oui) (plusieurs réponses)",Manque de confiance dans les autorités,10%,13%,11%,12%,17%,9%,13%,10%,10%,14%,7%,15%,%,,
,,Pression de la famille,13%,12%,12%,17%,16%,6%,5%,14%,14%,14%,12%,15%,%,,
,,Peur de représailles,33%,36%,38%,27%,24%,41%,11%,40%,33%,41%,34%,40%,%,,
,,Manque d'information sur où aller porter plainte,53%,57%,31%,47%,64%,37%,25%,30%,30%,46%,48%,27%,%,,
,,Inaccessibilité ou la distance des institutions,11%,13%,5%,11%,11%,6%,3%,3%,5%,11%,12%,3%,%,,
,,Manque de moyen financier,29%,29%,18%,23%,24%,35%,15%,17%,10%,21%,29%,16%,%,,
,,Inefficacité des autorités,8%,14%,7%,9%,8%,10%,8%,3%,7%,14%,8%,9%,%,,
,,Manque de temps,4%,2%,7%,8%,0%,4%,2%,8%,6%,3%,3%,4%,%,,
,,Traumatisme,30%,26%,59%,45%,46%,25%,25%,51%,56%,23%,32%,31%,%,,
,,Stigmatisation,23%,24%,62%,54%,20%,16%,48%,57%,66%,22%,19%,44%,%,,
,,"Autre, spécifier",5%,5%,1%,0%,0%,12%,0%,1%,0%,5%,4%,2%,%,,
,,Ne sait pas,4%,3%,0%,0%,5%,2%,2%,1%,0%,4%,4%,1%,%,,
,,[Sans réponse],0%,0%,0%,0%,0%,0%,0%,1%,0%,0%,0%,0%,%,,
JUSTICE,La justice peut être faite dans le quartier/ village,oui,79%,73%,83%,73%,88%,64%,46%,83%,72%,67%,73%,78%,%,,
,Perception du système de justice national (plusieurs réponses),Ça n'existe pas/ impunité,6%,5%,4%,5%,8%,5%,2%,5%,7%,5%,6%,2%,%,,
,,Ils sont corrompus,37%,40%,32%,27%,34%,50%,15%,30%,25%,53%,47%,30%,%,,
,,Il faut payer,28%,33%,16%,20%,18%,36%,15%,19%,16%,36%,32%,25%,%,,
,,C'est la justice des riches,35%,30%,19%,15%,19%,37%,11%,18%,17%,43%,37%,14%,%,,
,,"Ça fonctionne bien; il y a des bâtiments, juges, personnel….",31%,29%,54%,56%,33%,27%,38%,52%,57%,22%,30%,53%,%,,
,,La justice est rendue comme elle le devrait,29%,32%,38%,50%,42%,22%,36%,39%,42%,24%,23%,39%,%,,
,,Je ne connais pas assez pour avoir une opinion,8%,7%,6%,6%,9%,10%,20%,4%,8%,5%,8%,5%,%,,
,,"Autre, spécifier",1%,1%,0%,0%,0%,2%,0%,3%,1%,0%,0%,1%,%,,
,,[Sans réponse],0%,0%,0%,0%,0%,0%,0%,0%,0%,0%,0%,0%,%,,
,Mesures pour améliorer le système de justice (plusieurs reponses),C'est impossible à améliorer,2%,4%,2%,0%,2%,5%,7%,1%,1%,5%,3%,1%,%,,
,,"Former les juges, avocats,",34%,33%,48%,56%,26%,41%,39%,61%,47%,37%,33%,53%,%,,
,,Combattre la corruption,68%,74%,81%,88%,76%,68%,67%,78%,74%,74%,72%,75%,%,,
,,Construire les infrastructures,14%,12%,30%,47%,25%,21%,36%,25%,36%,18%,18%,15%,%,,
,,informer la population,26%,25%,45%,48%,43%,17%,49%,35%,48%,31%,24%,30%,%,,
,,"Payer le personnel, les juges…",26%,24%,29%,23%,26%,16%,26%,30%,23%,22%,18%,25%,%,,
,,Sanctionner les juges,23%,22%,41%,27%,22%,26%,7%,33%,25%,29%,23%,28%,%,,
,,"Autre, spécifier",9%,4%,4%,2%,2%,5%,0%,5%,7%,4%,6%,7%,%,,
,,Ne sait pas,0%,1%,0%,0%,1%,0%,0%,0%,0%,0%,1%,0%,%,,
,,[Sans réponse],0%,0%,0%,0%,0%,0%,0%,0%,0%,0%,0%,0%,%,,
,Déjà eu recours aux tribunaux,oui,46%,48%,52%,57%,51%,46%,20%,46%,55%,55%,46%,44%,%,,
,Connaissance du système judiciaire national,% bonne et très bonne,59%,47%,59%,56%,52%,65%,28%,52%,57%,58%,54%,49%,%,,
,Confiance dans le système judiciaire formel,% confiant,59%,52%,54%,54%,50%,49%,36%,59%,56%,49%,56%,57%,%,,
,"Confiance dans la justice locale traditionelle (chefs de village, mairie, etc…)",% confiant,54%,56%,57%,50%,53%,57%,49%,59%,52%,55%,60%,45%,%,,
,"Confiance dans la justice alternative (mediation) (chefs religieux, associations, etc…)",% confiant,79%,78%,74%,71%,74%,74%,72%,72%,76%,77%,80%,63%,%,,
,Raisons de la confiance dans le système judiciare formel (plusieurs réponses),Je n'ai pas confiance dans le système de justice national,12%,20%,24%,16%,23%,18%,15%,20%,19%,24%,13%,19%,%,,
,,Les juges et le personnel sont bien formés,16%,20%,46%,59%,19%,8%,33%,43%,49%,12%,12%,44%,%,,
,,Les juges traitent tous les gens de façon juste et égale,33%,25%,45%,55%,32%,27%,34%,50%,47%,29%,31%,47%,%,,
,,Décisions au tribunal sont prises de façon juste,30%,28%,52%,58%,29%,26%,36%,51%,56%,27%,32%,45%,%,,
,,Il est toujours possible d'avoir son cas jugé au tribunal,32%,34%,17%,22%,34%,20%,31%,15%,18%,32%,32%,19%,%,,
,,J'ai confiance que nous aurons un tribunal un jour,22%,20%,9%,11%,26%,26%,7%,7%,14%,27%,21%,10%,%,,
,,J'ai confiance que nous aurons des juges un jour,23%,24%,6%,5%,28%,28%,3%,7%,7%,31%,18%,7%,%,,
,,Les problèmes sont traités par rapport au droit,35%,31%,25%,29%,26%,31%,25%,33%,27%,30%,34%,24%,%,,
,,"Autre, spécifier",3%,2%,10%,3%,0%,5%,0%,5%,5%,2%,3%,2%,%,,
,,Ne sait pas,0%,0%,0%,0%,0%,0%,0%,0%,0%,0%,0%,0%,%,,
,,[Sans réponse],0%,0%,0%,0%,0%,0%,0%,0%,0%,0%,0%,0%,%,,
,Perception du système de justice national incluant les forces de sécurité (% d'accord) (plusieurs réponses),Les victimes de crimes par la police ont la possibilité de se plaindre,97%,98%,96%,100%,99%,98%,95%,100%,99%,95%,99%,99%,%,,
,,Les policiers sont impunis,12%,11%,3%,3%,8%,20%,5%,2%,0%,13%,15%,12%,%,,
,,Il est possible d’éviter d’être arrêté si on paie la police,38%,38%,20%,10%,39%,44%,3%,24%,15%,49%,42%,23%,%,,
,,La police traite tous les groupes ethniques de la même façon,63%,67%,67%,75%,86%,38%,93%,64%,69%,49%,58%,60%,%,,
,,Il faut payer un pot de vin pour que la police travaille sur une plainte,24%,26%,23%,14%,12%,35%,10%,24%,21%,30%,24%,29%,%,,
,,Les juges prennent leurs décisions sans influence du gouvernement.,60%,65%,71%,70%,81%,35%,95%,65%,71%,52%,60%,69%,%,,
,,Les tribunaux traitent les gens de façon juste et égale,72%,71%,73%,81%,82%,44%,100%,75%,80%,58%,66%,70%,%,,
,,Les décisions du tribunal sont prises d’une façon juste,76%,69%,73%,82%,83%,53%,100%,78%,81%,62%,67%,74%,%,,
,,Il faut payer quelque chose pour avoir sa plainte traitée par les courts,22%,33%,27%,18%,19%,31%,8%,27%,21%,30%,23%,25%,%,,
,,Les victimes et témoins de crimes peuvent porter plainte à la police sans peur de représailles,83%,83%,92%,90%,94%,71%,92%,97%,93%,79%,82%,96%,%,,
,,La police traite les hommes et les femmes de façon égale,72%,75%,77%,74%,92%,48%,100%,83%,84%,67%,67%,77%,%,,
,,Les juges traitent les hommes et les femmes de façon égale,75%,79%,76%,79%,92%,51%,100%,84%,82%,67%,68%,78%,%,,
JUSTICE TRANSITIONELLE,Entendu parler de la Cour Pénale Spéciale (CPS),Oui,77%,71%,73%,77%,75%,77%,54%,77%,77%,84%,64%,71%,%,,
,Principale source d'information sur la CPS,Un parent,5%,8%,9%,6%,1%,4%,6%,3%,7%,5%,8%,9%,%,,
,,Un ami,5%,6%,5%,2%,2%,6%,3%,2%,4%,6%,6%,4%,%,,
,,Au marché,1%,3%,0%,0%,1%,1%,3%,1%,1%,0%,1%,1%,%,,
,,La radio,79%,79%,79%,83%,83%,78%,76%,84%,84%,83%,78%,77%,%,,
,,Les journeaux,3%,1%,1%,2%,8%,1%,0%,3%,2%,2%,3%,4%,%,,
,,Une organisation locale,1%,1%,1%,1%,0%,0%,12%,2%,1%,0%,1%,1%,%,,
,,Une organisation internationale,1%,0%,1%,1%,0%,0%,0%,0%,0%,1%,0%,0%,%,,
,,La TV,2%,0%,1%,0%,3%,6%,0%,1%,0%,1%,2%,1%,%,,
,,Des gens de la Cour Pénale Spéciale,3%,1%,3%,4%,2%,2%,0%,3%,2%,2%,1%,3%,%,,
,,"Autre, spécifier",1%,1%,1%,1%,0%,1%,0%,0%,1%,1%,1%,0%,%,,
,,Ne sait pas,0%,0%,0%,0%,0%,0%,0%,0%,0%,0%,0%,0%,%,,
,,Sans réponse,0%,1%,0%,0%,0%,1%,0%,0%,0%,0%,0%,0%,%,,
,Connaissance de la Cour Pénale Spéciale,% bonne et très bonne,39%,31%,43%,47%,44%,50%,18%,41%,42%,49%,35%,43%,%,,
,Niveau de confiance dans la Cour Pénale Spéciale,% confiant,30%,24%,35%,41%,27%,35%,11%,41%,40%,31%,29%,40%,%,,
,Contribution de la CPS à la justice pour les Centrafricains?,% Contribution positive,32%,29%,29%,36%,25%,34%,13%,32%,32%,31%,27%,35%,%,,
,Contribution de la CPS à la paix en Centrafrique,% Contribution positive,29%,23%,42%,48%,16%,36%,13%,42%,42%,30%,27%,38%,%,,
,Ce que la Cour Pénale Spéciale peut faire pour les individus (% des répondants) (plusieurs réponses),Rien,9%,12%,3%,1%,10%,17%,7%,3%,3%,19%,15%,5%,%,,
,,Justice - juger les personnes responsables (les chefs) des conflits,34%,35%,58%,66%,40%,16%,36%,61%,64%,35%,30%,46%,%,,
,,Justice - mettre les personnes responsables (les chefs) des conflits en prison,35%,39%,67%,67%,39%,31%,39%,67%,69%,33%,29%,51%,%,,
,,Justice - juger toutes les personnes qui ont commis des crimes en lien avec les conflits,38%,36%,51%,69%,43%,43%,31%,45%,54%,36%,37%,45%,%,,
,,Justice - mettre toutes les personnes qui ont commis des crimes en lien avec les conflits en prison,37%,31%,38%,50%,40%,35%,31%,31%,43%,32%,31%,28%,%,,
,,Reconnaître officiellement que je suis une victime des conflits,8%,9%,14%,24%,4%,13%,28%,13%,15%,10%,4%,10%,%,,
,,Donner un récit de ce s'est passé pendant les conflits - récit historique,7%,5%,9%,9%,3%,9%,2%,9%,7%,5%,2%,8%,%,,
,,Expliquer pourquoi il y a des conflits en RCA,20%,19%,25%,24%,21%,13%,5%,29%,25%,25%,16%,25%,%,,
,,Rétablir la paix dans le pays,36%,39%,46%,58%,36%,32%,10%,48%,46%,39%,29%,40%,%,,
,,"Me rendre ce que j'ai perdu pendant les conflits (maison, terre, biens)",11%,16%,3%,2%,10%,10%,5%,6%,5%,14%,9%,3%,%,,
,,"Me fournir des services (santé, santé mentale, éducation)",2%,5%,8%,4%,7%,2%,2%,10%,10%,2%,2%,8%,%,,
,,Me donner de l'argent,3%,6%,0%,0%,2%,5%,0%,0%,0%,2%,2%,4%,%,,
,,Me donner une autre compensation pour mes souffrances,4%,5%,7%,6%,5%,7%,2%,5%,10%,4%,5%,4%,%,,
,,Donner une compensation à ma communauté,1%,0%,6%,5%,2%,2%,2%,5%,8%,1%,2%,2%,%,,
,,"Autre, spécifier",2%,0%,3%,2%,0%,0%,0%,1%,2%,0%,2%,4%,%,,
,,Ne sait pas,7%,7%,0%,0%,8%,2%,0%,1%,0%,5%,14%,2%,%,,
,,[Sans réponse],2%,4%,2%,0%,1%,4%,0%,1%,1%,2%,5%,0%,%,,
,"Ce que la Cour Pénale Spéciale peut faire pour le pays, la Centrafrique (% répondants) (plusieurs réponses)",Rien,5%,8%,3%,1%,10%,9%,7%,2%,3%,6%,12%,4%,%,,
,,Rendre justice pour les violences commises,45%,46%,63%,74%,52%,34%,69%,62%,72%,54%,38%,54%,%,,
,,Rétablir la sécurité,41%,47%,72%,77%,47%,46%,16%,68%,65%,47%,38%,53%,%,,
,,Rétablir la paix dans le pays,50%,47%,71%,82%,41%,55%,26%,67%,71%,48%,42%,65%,%,,
,,Faire que les communautés vivent ensemble,29%,22%,33%,50%,32%,24%,25%,32%,41%,21%,21%,23%,%,,
,,"Rétablir la confiance dans le pays, la RCA",30%,25%,31%,43%,41%,39%,16%,36%,37%,29%,25%,35%,%,,
,,"Autre, spécifier",0%,2%,2%,1%,0%,0%,0%,1%,2%,0%,0%,3%,%,,
,,Ne sait pas,6%,8%,0%,0%,8%,1%,0%,1%,0%,4%,11%,2%,%,,
,,[Sans réponse],3%,4%,2%,0%,1%,3%,0%,2%,1%,2%,7%,0%,%,,
,Entendu parler de la Cour Pénale Internationale ou CPI,Oui,81%,76%,71%,72%,81%,73%,52%,77%,76%,87%,68%,73%,%,,
,Connaissance de la Cour Pénale Internationale,% bonne et très bonne,32%,31%,33%,37%,35%,43%,10%,36%,42%,40%,27%,34%,%,,
,Niveau de confiance dans la Cour Pénale Internationale,% confiant,21%,17%,23%,23%,14%,28%,16%,24%,22%,16%,21%,31%,%,,
,Contribution de la Cour Pénale Internationale à la justice pour les Centrafricains?,% Contribution positive,24%,23%,24%,29%,15%,29%,16%,31%,23%,18%,21%,27%,%,,
,Contribution de la Cour Pénale Internationale à la paix en Centrafrique?,% Contribution positive,20%,16%,29%,35%,14%,30%,11%,35%,28%,15%,21%,30%,%,,